시도,지역,차종,비고,신청가능여부,잔여대수
서울,서울특별시,전기승용,"서울 서울특별시 전기승용 본공고 1 본공고 2 본공고 3 추경1차 1 *일반: 출고등록순 *우선: 출고등록순 12201 (1600) (0) (840) (9761) 12248 (3572) (390) (961) (7325) 10843 (3196) (332) (893) (6422) 1358 (0) (0) (0) (3339) ★★2026.6.22. 18시 기준, 상반기 서울시 전기승용차(전기택시 포함) 접수 마감되었습니다.★★ ㅇ 보급목표: 11,361대 ㅇ 접수대수: 11,361대 ㅇ 잔여대수: 0대 ----------------------------- ※ 하반기 전기자동차 보급사업은 7월중순 이후에 진행할 예정입니다.",마감,0.0
부산,부산광역시,전기승용,"부산 부산광역시 전기승용 본공고 1 본공고 2 본공고 3 추경1차 1 추경1차 2 *일반: 출고등록순 *우선: 출고등록순 4726 (0) (0) (0) (4726) 4663 (1337) (101) (633) (2592) 4659 (1336) (101) (632) (2590) 67 (0) (0) (0) (2136) --------------------------긴급공지 ------------------------------------------------------ 26.05.29 상반기 추가 공고물량 대상자 선정 마감 되었습니다. 하반기는 7월 예정하고 있습니다. 기다려 주시면 감사드리겠습니다. 그리고 대상자 선정이 안된 건들은 모두 취소되었으며 하반기 오픈되면 다시 지원신청부터 진행하셔야 합니다. --------------------------------------------------------------------------------------------------- ㅇ 상반기 추가 보급대수 : 1,000대(승용차 600대, 화물차 400대) ※ 보급대수는 보급여건 및 예산범위 내에서 변동될 수 있음 ㅇ 보급기간 : `26. 05. 27.(수) 11:00 ∼ 추가 보급분 예산소진시까지 ※ 예산소진 시 신청마감 및 사전공고 없이 시스템 신청 마감 될 수 있음 ※ 지역할인제 상반기 예산소진→지원불가, 부산청년EV드림→지원가능 ※ 대상자 선정 건 중 출고기한 미준수시 취소가능할 수 있음으로 주의요망 ※ 신청 접수 빠르더라도 진행중에 서류 미비나 시스템 입력사항 오기등으로 보완처리시 대상자 선정 지연될수 있으며, 이로 인한 미선정은 책임지지 않음 →신청서 등 서류 누락없이 정확히 작성 요망 ※ 접수 후 빠르게 선정 요청 전화는 삼가 부탁드립니다. 작업이 더뎌집니다. ※ 구매보조금 지원(지급)신청서 등 첨부서류 일괄 스캔하여 제출 (1개의 pdf파일로 업로드 요망) ※ 전환지원금은 26.1.1일 이후 판매 또는 폐차건부터 지급신청전까지 인정되오니 ""지급신청 이후""에 판매 또는 폐차건은 불인정됩니다 -------------------------------------------------------------------------------------------------- 26.05.28 신청 폭주 및 시스템 오류로 인해 금일부터 본격적으로 서류 심사가 진행됩니다. 원활한 검토를 위해 가급적 전화 문의는 자제 부탁드리며, 특히 순번 및 진행상태 문의 등 자체 확인 가능한 부분은 대리점 업무과를 통해 확인 부탁드립니다. ------------------------------------------------------------------------------------------------- 26.05.27 많은 관심속에 상반기 추가 물량 이상으로 신청건이 접수되어 마감함을 안내드립니다. 현재 선정 작업 진행 예정이며 보완,선정 등등의 문의는 삼가 바라며, 보완건은 바로 확인 불가합니다. 상반기 추가 공고에 선정이 안되신분들은 7월 중 하반기를 예정하고 있으므로 참고 바랍니다. ----------------------------안내사항------------------------------------------------------- ※ 승용 접수번호 4467 부터 시작입니다. 업무에 참고 바랍니다. ※ 민원전화로 업무가 지연되므로 독촉전화, 단순 문의 등 자제요청 드립니다. ------------------------------------------------------------------------------------------------------------------ ㅇ 상반기 보급대수 : 5023대(승용차 4,126, 화물차 846, 승합 38, 어린이통학차 13) ※ 보급대수는 보급여건 및 예산범위 내에서 변동될 수 있음 ㅇ 보급기간 : `26. 1. 28.(수) ∼ ‘26. 12. 11.(금) (※ 보급기간 내 지급신청까지 완료하여야 하며, 예산소진 시 신청마감)",마감,
대구,대구광역시,전기승용,"대구 대구광역시 전기승용 본공고 1 본공고 2 추경1차 1 *일반: 출고등록순 *우선: 출고등록순 2125 (213) (0) (106) (1806) 2163 (533) (52) (228) (1350) 2138 (530) (52) (217) (1339) 0 (0) (0) (0) (467) ★ 승용 2차 접수 마감되었습니다. ★ ★ 화물 2차 접수 마감되었습니다. ★ ★ 접수 후 빠른 처리를 위해 단순 문의 및 처리 독촉 전화는 자제해주시길 바랍니다. ★ *2026년 전기자동차 민간보급사업 안내 (2차)* - 보급기간 : 마감 - 보급물량 : 1,063대(승용차 910대, 화물차 150대, 승합차 3대) * 보급수량은 차종별 보조금 차등지원 및 차종별 구매수요에 따라 가감될 수 있습니다. ※ 2026년 전기차 보급대수 : 3,542대(승용차 3,035, 화물차 500, 승합차 7) 1차 : 마감, 2차 : 마감, 3차 : 7월 예정 -> 보급추이 및 여건에 따라 회차 및 시기는 조정될수 있습니다. - 신청양식 : 대구시 양식(공고문 양식 다운로드) - 기타 상세 사항은 공고문을 참고하시기 바랍니다.",마감,
인천,인천광역시,전기승용,"인천 인천광역시 전기승용 본공고 1 본공고 2 *일반: 출고등록순 *우선: 출고등록순 6533 (670) (0) (335) (5528) 7052 (2286) (114) (246) (4406) 6295 (2100) (98) (210) (3887) 238 (0) (0) (125) (1641) ***출고예정일 조작 금지*** - 출고예정일 조작 적발 시 해당 대리점 대상자 선정 건 재확인후 취소할 수 있습니다. *** 전기승용차 하반기 사업 잔여대수 안내(26. 6.23. 09:00기준)*** ○ 대상자선정 기준 잔여대수 : 일반 0대, 택시 107대 ○ 일단 대상자 선정은 6.22. 출고건까지만 승인하고 마감합니다. 택시 전환 물량은 7.1일에 진행합니다. - 출고예정일 = 출고일 = 세금계산서 날짜가 일치해야 합니다 ○ 일반물량 신규 접수는 6.23.까지만 받고 마감합니다 택시전환물량도 거의 다 찼습니다. ** 7월 1일 이후부터는 택시잔여 물량도 일반으로 전환됩니다. 이경우 지원가능을 먼저 신청하고 출고가 빠른 순으로 대상자 선정을 진행합니다 ** 전기승용차 및 화물차는 하반기 사업 없습니다(올해 예산 다 소진하였습니다.) 추경예산을 확보해야 추가사업 가능하며, 추경예산 확보하면 9월에나 사업 진행 가능합니다",마감,
광주,광주광역시,전기승용,"광주 광주광역시 전기승용 본공고 1 본공고 2 본공고 3 *일반: 출고등록순 *우선: 출고등록순 2246 (0) (0) (0) (2246) 2341 (312) (54) (218) (1757) 2224 (291) (50) (209) (1674) 22 (0) (0) (0) (572) ★ 승용 2차 접수 마감됐습니다. / ※ 하반기 보급 미정 o 2차 접수기간 - (승용) : '26.5.28.(목) 10:00 ~ 12.4.(금) 18:00 - (화물) : '26.6.1.(목) 10:00 ~ 12.4.(금) 18:00 ※ 승합은 예산(물량)소진시까지 계속 접수 받는 중(1/30(금)~12/4(금)) o 2차 보급대수 : 총 469대(승용 350대, 화물 100대, 승합 19대) * 보급대수는 보급 여건, 예산범위 내에서 변동될 수 있으며, 보급물량(예산) 초과시 여유물량(취소건 감안)을 추가로 받은 후, 사전 공지 없이 신규접수 마감 (대상자 선정은 출고순) ★ (주의사항: 신청조건) 신청일로부터 최소 2일(휴일 제외) 이후 출고 예정인 차량으로 접수해야 합니다.(어길 시 보완요청, 후순위 배정) - 순차적으로 자격부여 검토, 지원가능확인요청은 바로 가능하나, 대상자 선정은 최소 2일 이후부터 확정됨 ★ 접수 후 빠른 처리를 위해 단순 접수 알림, 처리 독촉 전화는 자제 부탁드립니다.",마감,
대전,대전광역시,전기승용,"대전 대전광역시 전기승용 본공고 1 본공고 2 *일반: 출고등록순 *우선: 출고등록순 924 (0) (0) (0) (924) 1240 (372) (31) (89) (748) 1240 (372) (31) (89) (748) 0 (0) (0) (0) (176) ★2026년 상반기 전기자동차 보급사업 승용,화물 마감★ ※ 하반기 전기자동차 보급사업은 7월중 예정임을 알려드립니다 *하반기 전기승용차 물량 약 395대(차종별 차등지원에 따라 변동될 수 있음) - 지원대상: 신청일 기준 30일간 연속하여 대전시에 주소를 둔 개인, 법인 등 * 대상자 선정은 자동차 출고 등록 순 * 지원신청서의 빠른 승인을 위해 독촉 전화문의는 자제 부탁드립니다. * 자세한 사항은 공고문 참고하여 주시기 바랍니다. ★ 차종별 보조금액, 전환지원금 본공고2 첨부파일 참고",마감,
울산,울산광역시,전기승용,"울산 울산광역시 전기승용 본공고 1 추경1차 1 추경1차 2 추경1차 3 *일반: 출고등록순 *우선: 출고등록순 2786 (0) (0) (0) (2786) 2889 (970) (43) (145) (1731) 2557 (859) (37) (137) (1524) 229 (0) (0) (0) (1262) ★★ 반드시 10일이내 출고 확정건만 신청 ★★ ★★타 지자체 접수 테스트 금지★★ ☆'26.6.26. 09시 기준 : 승용 잔여대수 450여대☆ ★★ 2026년 전기자동차(승용) 보급사업 2차 안내 ★★ ○ 접수기간 : ‘26. 6. 2.(화) 10:00 ~ 예산소진시 까지 ○ 공고물량 : 1,200대(승용 1,050대, 화물 150대) - 2차 접수 : 승용 접수번호 2,298번부터 / 화물 접수번호 470번부터 시작 ○ 보급차종 : 공고문 및 무공해차 통합누리집(www.ev.or.kr) 참조 ○ 지원금액 : 차종에 따라 차등지원(구매보조금 지급현황 - 지자체 차종별 보조금 - 울산시 조회) ★ 민원전화로 업무처리가 지연되므로 빠른 업무처리를 위해 독촉, 잔여대수 문의 등 전화는 자제 해 주시기 바랍니다 - 대상자 선정, 보조금 지급 등은 순차적으로 진행 - 서류 검토 및 대상자 선정까지는 접수일 기준 7일 이내 처리될 예정이며 당일 신청, 당일 대상자선정은 어려우므로 독촉전화 자제 요망 ★ 반드시 공고문을 확인하시기 바라며 공고문 미숙지에 따른 불이익은 울산시에서 책임지지 않습니다. ★ 누락된 서류가 없는지 필히 확인하여 주시기 바랍니다.(보완요청시 검토 순서가 후순위로 밀릴 수 있음) * 지원(지급)신청서 등 모든파일은 1개의 PDF파일로 저장하여 업로드 * (전환지원금)판매 및 폐차 관련 서류는 지급 신청 전까지 제출, 전환지원금은 ""개인""만 가능(개인사업자, 법인 불가) ※ 본공고 1 : 공고문 / 추경 1차 1 : 2차 공고문 / 추경 1차 2 : 차종별 국시비 보조금 / 추경 1차 3 : 별지서식",마감,
세종,세종특별자치시,전기승용,"세종 세종특별자치시 전기승용 본공고 1 본공고 2 *일반: 출고등록순 *우선: 출고등록순 1048 (146) (0) (53) (849) 879 (335) (7) (11) (526) 688 (262) (6) (9) (411) 360 (0) (0) (44) (438) ★★★ 2026년 2차(하반기) 전기자동차(승용) 보급물량(택시외) 소진되었습니다. ★★★ 택시물량은 1대 남아있습니다. < 2026년 2차(하반기) 전기자동차(승용) 보급사업 안내 > ○ 접수기간 : '26. 6. 10.(수) 14:00~ 예산 소진 시까지 ○ 보급물량 : 전기승용 251대 ○ 지원금액 : 차종별 차등 지원(구매보조금 지급현황-지자체 차종별 보조금 조회) ○ 지원대상 : 신청일 기준 60일 이상 세종시에 연속하여 주소를 둔 자 등 ○ 지원대상자 선정기준 : 출고·등록순(출고일 확정 선착순) ○ 신청방법 : 무공해차 통합누리집을 통해 제작·수입사가 신청 ★ 빠른 업무처리를 위해 독촉, 단순 문의 전화는 자제해 주시기 바랍니다. ★ 전화 주신다고 먼저 처리되지 않으며, 오히려 업무 처리가 지연될 수 있습니다. - 자격부여는 신청서 접수일 기준 7일 이내에 처리될 예정입니다. - 대상자 확정(출고일 확정순)이 물량 소진 기준이 됩니다. ※ 무공해차 통합누리집 시스템상 잔여대수와 실제 잔여대수는 상이함 ※ 보급대수는 사업예산 소진 등 보급여건에 따라 변동될 수 있음 ※ (참고) 2차 사업 신청은 승용 접수번호 646번부터 시작입니다. ------------------------------------- 신청서 제출 안내 -------------------------------------- ★ 출고기한 미준수 시, 대상자 취소 또는 대기자로 변경 가능 - 자격부여일로부터 2개월 이내에 출고, 대상자 선정일로부터 10일 이내에 출고 ○ 시스템 입력 오기사항이나 누락된 서류가 없는지 반드시 확인 바랍니다. (보완 요청 시 검토 순서가 뒤로 밀릴 수 있으며, 이에 대상자 미선정 될 수 있음) ○ 추가 지원금을 지원받기 위한 증빙서류는 최초 신청 시 함께 제출해야 합니다. (대상자 선정 이후 제출 시 지급되지 않을 수 있습니다.) ○ 구매보조금 지원(지급)신청서 제출에 따른 모든 서류는 일괄 스캔하여 ""1개의 PDF 파일로 제출"" 바랍니다. ○ 모든 제출 서류는 ""30일 이내 발급서류""에 한하여 인정되며, 열람용 서류는 인정되지 않습니다.",마감,
경기,수원시,전기승용,"경기 수원시 전기승용 본공고 1 본공고 2 *일반: 출고등록순 *우선: 출고등록순 3870 (0) (0) (193) (3677) 3096 (984) (36) (115) (1961) 2924 (944) (35) (108) (1837) 946 (0) (0) (85) (1840) ★ 상반기(2차) 전기승용 접수 마감 (2026.6.18. 09:01) / 전기화물 접수 마감(5. 14.) - (승용) 취소분 발생할 경우, 지원가능 확인요청 순(챠량 '배정' + 10일 이내 출고)으로 대기번호 부여 후 별도 연락 예정 - 하반기 접수는 8월 예정이며, 일정은 변동될 수 있음. (7월 말 일정 공지 예정) ---------------------------------------------------------------------------------------------------- [2026년 상반기(2차) 전기자동차(승용,화물) 보급사업] ○ 사 업 명 : 상반기(2차) 전기자동차(승용, 화물) 보급사업 공고 ○ 보급대수 : 총 1,578대(승용 1,400대, 화물 178대) (* 실제 대수는 차종별 보조금 차등 지원에 따라 예산범위 내에서 변동 가능) ○ 접수기간 : 2026. 5. 11.(월) 09:00 ~ 예산 소진 시까지 ○ 신청대상 : 지원신청일 이전 60일 이상 수원시에 연속하여 주소를 둔 자 ○ 신청방법 : 제조·수입사에서 무공해차 통합누리집(ev.or.kr) 사이트로 신청 ○ 선정기준 : 자동차 출고·등록순 ○ 보급차량 : 관계 법령에 의해 각종 인증을 모두 완료한 전기자동차 ○ 기타 자세한 사항은 공고문 참고 ---------------------------------------------------------------------------------------------- ※ 차종별 보조금 확인방법(사이트 상단에서 해당 탭 클릭) - ‘구매 및 지원’ - ‘무공해차 구매보조금 지원’ - ‘지자체 차종별 보조금’ 참조",마감,
경기,성남시,전기승용,"경기 성남시 전기승용 본공고 1 본공고 2 본공고 3 *일반: 출고등록순 *우선: 출고등록순 1949 (0) (0) (0) (1949) 1745 (550) (49) (60) (1086) 1744 (549) (49) (60) (1086) 205 (0) (0) (0) (863) ★ 성남시 전기자동차(승용, 화물) 보급사업 공고 마감★ ※ 예산 조기소진에 따라 추가 공고에 대해서는 추경예산 확보 후 공고 및 접수 예정입니다. ○ 접수기간: 2026. 2. 9.(월) 10:00 ~ 2026. 12. 11.(금) 18:00 (단, 지급신청 2026. 12. 16.(수) 18:00까지) ○ 지원대수: 2,092대(승용 1,949대, 화물 143대) ○ 신청조건: 신청일 기준 성남시 거주 3개월 이상 개인, 법인 및 단체, 공공기관, 지방공기업 등 ○ 선정기준: 차량 출고등록순 ○ 지원금액 확인: 구매보조금 지급현황 - 지자체 차종별 보조금 - 성남시로 조회 ※ 본공고1:공고문 hwpx 파일, 본공고2: 공고문 pdf 파일, 본공고3: 성남시 차종별 보조금 현황 * 출고 10일 이내 차량에 한하여 신청( 지원신청시 출고증빙서류 첨부 必) * 제출서류 및 자세한 사항은 공고문 필수 확인바랍니다. --------------------------------------------- * 순차적으로 서류 검토 중에 있으며 빠른 업무처리를 위해 처리 독촉 등 전화 자제 부탁드립니다. * 차종별 금액 상이하여 잔여대수와 출고대수는 실제대수와 다름을 알려드립니다.",마감,
경기,의정부시,전기승용,"경기 의정부시 전기승용 본공고 1 *일반: 출고등록순 *우선: 출고등록순 1071 (107) (0) (53) (911) 872 (261) (5) (41) (565) 662 (209) (3) (24) (426) 409 (0) (0) (29) (485) ★ ★2026년 2차 전기자동차(승용) 구매지원 보급사업★ ★ 공고일: 2026. 05. 28.(목) 접수일: 2026. 06. 11.(목) 10:00~ 예산소진시까지 공고물량: 승용 371대 *시작번호: 667번 * (2026. 4. 21. 11:30 기준) 전기자동차 보조금 잔여 물량 소진 완료 * 전기자동차 물량 소진은 '대상자선정' 기준임. * 취소분 발생할 경우에 한하여, '지원가능확인' 순으로 '대상자선정' 추가(취소분 발생 가능성에 따라 신청 차단 x) * 보조금 대상 및 지급은 출고순 기준(신청순 x)으로 확정됩니다. ☆ ☆ 2026년 하반기 전기자동차 보조금 공고 승용 6월 예정 ☆ ☆ ☆ ☆ 2026년 하반기 전기자동차 보조금 공고 화물 7월 예정 ☆ ☆",마감,
경기,안양시,전기승용,"경기 안양시 전기승용 본공고 1 본공고 2 본공고 3 추경1차 1 *일반: 출고등록순 *우선: 출고등록순 2080 (0) (0) (104) (1976) 1307 (415) (23) (70) (799) 1078 (356) (20) (64) (638) 1002 (0) (0) (40) (1338) <<2026년 안양시 전기자동차 보급사업 안내>> ★★★ 승용 잔여대수 약 400대, 화물 마감 ★★★ 26. 6. 24. 기준 ★★★ 2026. 5. 8. 전기자동차 보급 사업 변경 공고(자세한 내용은 공고문 확인바랍니다) ★★★ ★ 전기차 보조금 신청은 여유있게 신청해주시기 바라며, 접수된 건은 업무 여건에 따라 순차적으로 검토하고 있으니 ★★★ 급하다는 사유로 독촉전화 자제 바랍니다. (모든 대리점이 급합니다) ★★★ ★ 차종별 보조금 확인방법: 무공해차통합누리집(ev.or.kr) 접속 → 구매 및 지원 → 구매보조금 지급현황 → 지자체 차종별 보조금 → 안양시 → 조회 ○ 사업기간 : 2026. 2. 3.(화) 09:00 ~ 예산 소진 시 ○ 보급대수 : 총 2,394대(승용 2,080대, 화물 305대, 승합 9대) ※ 예산 편성 단가보다 실제 집행되는 보조금 단가가 높아 실제 보급대수는 변동될 수 있음 ○ 신청대상 : 신청 접수일 기준 연속하여 안양시에 30일 이상 주소를 둔 개인 또는 법인 등 ※ 공고일 이후 계약건만 신청 가능 ○ 선정방법 : 출고 및 등록 순으로 선정되며 단순 독촉 문의 등 자제부탁드립니다. ○ 접수방법 1. 신청인이 구입을 희망하는 전기차 판매점을 방문 및 상담하여 구매계약 체결 및 신청서 작성 2. 판매사에서는 2개월 이내에 전기자동차 출고 및 등록이 가능할 경우 무공해차 통합누리집(www.ev.or.kr)을 통해 시에 신청 접수 ○ 신청서류 : 공고문 참조 기타 자세한 절차 및 유의사항은 붙임 공고문을 반드시 참조하시기 바라며, 단순 독촉문의 및 차종별 보조금 문의는 자제 부탁드립니다.",마감,
경기,부천시,전기승용,"경기 부천시 전기승용 본공고 1 추경1차 1 추경1차 2 *일반: 출고등록순 *우선: 출고등록순 550 (0) (0) (0) (550) 543 (148) (8) (45) (342) 516 (141) (7) (44) (324) 34 (0) (0) (0) (226) ★ 3차 보급사업 : 7월 말 공고 예정 ★ 2차 보급사업 : (공고) 5. 6.(수) / 승용 마감 / 화물 마감 / 승합 6. 8. 접수 개시 ★ 상반기(1차) 보급사업 : '26. 3. 5. 마감 (승용 350대, 화물 40대) -------------------------------------------------------- ★ ★ ★ 5. 15. 17:00 승용 대상자선정 마감 (취소물량 발생 시 ""지원가능확인요청 시간"" 순으로 연락 예정) ★ ★ ★ 자격부여는 대상자선정이 아닙니다. <전기자동차 보급사업(2차)> □ 사업개요 ○ 신청기간 (예산소진 시 종료) - 승용: 2026. 5. 13.(수) 9:00 ~ - 화물: 2026. 5. 27.(수) 9:00 ~ - 승합: 2026. 6. 8.(월) 9:00 ~ ○ 보급대수: 승용 200대, 화물 20대, 승합 4대 ※ 차종별 보조금 차등지원에 따라 보급대수는 조정될 수 있음 ※ 세부사항 공고문 참조 ※ 차종별 보조금 조회: 무공해차 통합누리집→구매 및 지원→지자체 차종별 보조금 ★ 공고문을 꼭 확인해주시기 바라며, 공고 미숙지로 인해 발생하는 불이익은 부천시에서 책임지지 않습니다. ★ 꼭 부천시 공고문에 첨부된 양식으로 신청 ★ 다수의 차량이 동시에 10일 이내 출고 확정에 따른 보조금 지원가능여부 확인 요청 시, ""지원가능여부 확인 요청 순""으로 대상자 선정함(배정확정서 첨부 필수).",마감,
경기,광명시,전기승용,"경기 광명시 전기승용 본공고 1 추경1차 1 *일반: 출고등록순 *우선: 출고등록순 750 (35) (0) (30) (685) 642 (199) (16) (9) (418) 592 (185) (16) (8) (383) 158 (0) (0) (22) (302) ★ 1차 공고 접수 마감 ★ 2차 공고(화물) 보조금 소진(취소 물량 발생 시 순차 연락 드립니다.) ★ 2차 공고(승용) 택시 제외 보조금 소진(취소 물량 발생 시 순차 연락 드립니다.) 2026년도 전기자동차 보급 사업(2차) ○ 사업 개요 - 사업명 : 2026년 전기자동차 보급 사업(2차) - 보급대수 : 승용 300대, 화물 25대, 승합 5대 - 접수기간 : 2026. 5. 6.(수) 09:00 ~ 예산소진시까지 - 지원대상 : 신청일 기준 60일 이상 광명시에 주소를 둔 자 · (개인) 18세 이상 시민 · (개인사업자) 대표자가 광명시에 주소지를 둔 사업자 · (법인, 기관) 광명시 내 사업장(본사, 지사, 공장, 자동차 대여사업소 등)이 위치한 법인 및 기업 - 보급기준 : 1대 ※ 기존 접수 건은 취소 후 다시 신청하시기 바랍니다. ※ 자세한 내용은 공고문을 참고하시기 바랍니다. ※ 신청서 접수 후 처리 기한은 7일 입니다. 접수순으로 처리 중이오니 독촉전화는 자제해 주시기 바랍니다. ※ 모든 서류에 원본대조필 날인 후 시스템 첨부바랍니다.(원본서류 우편발송 X) ※ 무공해차 누리집 출고잔여대수와 실제 잔여대수는 일치하지 않습니다.",마감,
경기,평택시,전기승용,"경기 평택시 전기승용 본공고 1 본공고 2 *일반: 출고등록순 *우선: 출고등록순 3044 (0) (0) (0) (3044) 2111 (746) (35) (41) (1289) 1497 (538) (25) (31) (903) 1547 (0) (0) (0) (2141) ★ '26.6.26. 09:00 기준 승용 잔여대수 약 260대 ★ ★하반기 전기화물 신청접수, 대상자 선정 마감★ ★자격부여는 대상자선정이 아닙니다.★ ★★★자격부여 ,대상자선정까지 순차적으로 선정되니 단순 독촉 전화문의 자제바랍니다.(업무 지연)★★★ ★2026년 평택시 하반기 전기자동차 공고★ ㅇ 지원대수 - (승용) 1,204대, (화물) 72대 * 차종별 보조금 지급액 상이하여(국비 추가 보조 등) 사업량 별도 공고 없이 변동됨 ㅇ 신청기간 : - (승용) 2026. 6. 17.(수) ~ 예산 소진 시까지 - (화물) 2026. 6. 24.(수) ~ 예산 소진 시까지 (마감) * 예산 소진 시 조기 마감 ㅇ 선정기준 : 차량 출고 · 등록 순 ㅇ 보조금 관련 서류는 원본대조필 날인 후 시스템 첨부(우편발송 X) ** 공고문에 첨부된 양식으로 신청해 주시기 바랍니다. ** ** 자세한 내용은 공고문 참조하시기 바랍니다. **",마감,
경기,동두천시,전기승용,"경기 동두천시 전기승용 본공고 1 본공고 2 *일반: 출고등록순 *우선: 출고등록순 165 (17) (0) (5) (143) 157 (26) (2) (0) (129) 146 (26) (2) (0) (118) 19 (0) (0) (5) (25) 1. 접수기간 : (하반기) 2026. 7. 1.(수) 09:00 ~ 2026. 12. 7.(월) 18:00 ※ 예산 소진 시 조기마감 ※ 사업의 원활한 집행을 위해 2026. 12. 17. (목)까지 출고 및 차량등록 후 지급신청 완료된 차량에 한하여 보조금 지원가능 2. 사 업 량 : 총98대 (승용 85대, 화물 13대, 전환지원금 31대) (※사업량은 변경될 수 있음) 3. 신청자격 : 구매지원신청서 접수일 기준 1개월 이상 연속하여 동두천시에 주소를 둔 - 개인 / 개인사업자 / 법인 / 외국인 / 기관 4. 자세한 내용은 동두천시 공고 제2026-1067호 참고",마감,
경기,안산시,전기승용,"경기 안산시 전기승용 본공고 1 추경1차 1 추경1차 2 추경1차 3 *일반: 출고등록순 *우선: 출고등록순 1250 (60) (0) (60) (1130) 951 (275) (39) (48) (589) 864 (253) (32) (46) (533) 386 (0) (0) (14) (597) ★ 소형 전기승합 개인사업자 및 법인 신청 가능(추경1차1 공고파일 확인) …………………………………………………………………………………………… ★ 하반기 공고 미정(추후 예산확보 시 가능) …………………………………………………………………………………………… ★ 전기승용 신청접수 마감(2026.6.19.(금)) ★ 전기승용차 대상자선정마감(2026.6.19.(금)) - 취소물량 발생 시 지원가능확인요청순(차량 '배정' +10일 이내 출고)으로 대기자가 되며 별도 연락 예정임 - 지원가능 확인요청은 차량 '배정'건만 선정 …………………………………………………………………………………………… ★ 신청서를 포함한 모든 서류 원본대조필 날인 후 첨부 (원본 우편 발송 불필요) ★ 차종별 보조금(전환지원금 포함) 파일(추경 1차 2)에서 확인 가능 ★ 생애최초(청년) 구매자 증빙서류 발급 절차는 파일(추경 1차 3)에서 확인 가능 <2026년도 전기자동차 보급사업 2차 변경 공고> □ 변경내용 : 소형 전기승합 지원대상 및 자격조건에 법인·개인사업자 포함 등 □ 신청대상 : 구매신청서 접수일 기준 연속하여 30일 이상 안산시에 주소를 둔 개인·개인사업자, 법인 등 □ 선정방법 : 출고·등록순에 의한 선정 ※ 반드시 공고문을 읽고 신청하여 주시기 바랍니다. ※ 차량보조금 지급액 등 단순문의는 가급적 자제해 주시기 바랍니다.",마감,
경기,고양시,전기승용,"경기 고양시 전기승용 본공고 1 추경1차 1 추경1차 2 *일반: 출고등록순 *우선: 출고등록순 2800 (420) (0) (80) (2300) 2684 (780) (55) (57) (1792) 2114 (634) (45) (48) (1387) 686 (0) (0) (32) (913) 전기승용 잔여물량 : 약 310대 (6. 25. 16:00 / 대상자선정 기준) 전기화물 마감 (6. 11. 16:00) < 고양시 전기자동차 보급사업(2차) 공고 > ★ ""추경1차""의 공고문을 확인하고 신청하시기 바라며, 공고 미숙지로 인한 불이익은 고양시가 책임지지 않습니다. ★ 단순 문의 및 처리 독촉 전화는 자제하여 주시기 바랍니다. 전화문의 응대로 업무처리가 지연됩니다. ★2차 접수 신청번호 : 승용 1906번~ / 화물 231번~ ▷ 2차 접수기간 : 5. 27.(수) 11:00 ~ 12. 4.(금) 18:00 (※ 예산 소진 시 조기마감) ▷ 2차 보급대수 : 승용 1,050대 / 화물 250대 / 승합 10대 (※ 차종·모델별 지원금액 차이, 추가보조금 지원 여부 등으로 인해 실제 보급대수는 변동될 수 있습니다.)",마감,
경기,과천시,전기승용,"경기 과천시 전기승용 본공고 1 본공고 2 *일반: 출고등록순 *우선: 출고등록순 314 (0) (0) (0) (314) 253 (111) (6) (4) (132) 234 (102) (5) (4) (123) 80 (0) (0) (0) (191) 전기화물 마감(26.5.11.기준) 전기승용 마감(26.6.10.기준) -------------------------------------------------------------------------------- <2026년 과천시 전기자동차 하반기 보급사업> ▶사업(접수)기간: 2026. 5. 6.(수) 9:00 ~ 2026. 12. 11.(금) 18:00 ▶하반기 보급대수: 승용 112대 화물 8대, 승합(버스) 2대 ▶신청대상: 지원신청일로부터 30일 이상 과천시에 주소를 둔 자 ▶선정방법: 차량 출고·등록순 ※신청서를 포함한 모든 서류 원본대조필 날인 후 첨부 (원본 우편 발송 불필요) ※자세한 사항은 공고문을 참고하시기 바랍니다. ★ 전기자동차 구매 예정자는 전기차 비공용 완속충전기 보급지원사업도 진행중이오니 세부사항은 과천시 누리집(고시/공고)에서 확인바랍니다. ★ 시스템상 잔여대수와 실제 예산내 가능대수는 일치하지 않습니다. ★ 차량보조금 지급액 등 단순문의는 가급적 자제해 주시기 바랍니다.",마감,
경기,구리시,전기승용,"경기 구리시 전기승용 본공고 1 본공고 2 본공고 3 *일반: 출고등록순 *우선: 출고등록순 840 (0) (0) (40) (800) 437 (110) (11) (19) (297) 289 (78) (7) (13) (191) 551 (0) (0) (27) (609) ○ 승용 319번부터 추경 접수시작 ○ 자격부여는 대상자확정이 아님(접수순으로 서류검토 후 대상자 선정) ★★하반기 승용, 화물 접수일자 : 6월 15일 오전 10:00 ○ 2026년 구리시 하반기 전기자동차 보급사업 안내 1. 보급대수 : 총470대 (승용 : 420대, 화물 : 50대) 2. 접수기간 : 2026. 6. 15.(월) 10:00 ~ 12. 4.(금) 18:00 * 접수기간 내 예산소진 시 조기 마감될 수 있음. 3. 지원대상 : 신청일 이전 1개월 이상 구리시에 주소를 둔 만18세 이상 개인 및 개인사업자, 구리시 내 사업장이 위치한 법인 및 기관 4. 선정기준 : 출고등록순 * 신청서류 스캔하여 하나의 파일(PDF)로 제출부탁드립니다. ★ 문의 전 공고문을 확인하여 주시기 바랍니다. (빠른 처리를 위해 가능한 전화문의 자제 부탁드립니다. 자격부여, 대상자선정 순차적으로 진행됨) ★ 시스템상 잔여대수와 실제 예산내 가능대수는 일치하지 않습니다.",마감,
경기,남양주시,전기승용,"경기 남양주시 전기승용 본공고 1 본공고 2 *일반: (자격부여) 접수순 / (대상자확정) 출고등록순 *우선: (자격부여) 접수순 / (대상자확정) 출고등록순 2330 (0) (0) (0) (2330) 2105 (695) (40) (29) (1341) 1658 (564) (28) (24) (1042) 672 (0) (0) (0) (1288) ★대상자 확정 수 (2026.06.22.기준) - 승용 1,796대 / 2,330대 - 화물 300대 / 290대 <마감> - 전환지원금 691대 / 900대(200대 추가확보완료) >> 전환지원금 예산 소진 시 전환지원금 추가보조금은 지급하지 않습니다. - 버스 1대 / 14대 - 어린이통학버스 1대 / 3대 ※ 우리시는 전기자동차, 수소전기차, 전기이륜차, LPG차 등 자동차 보조금을 담당자 1명이 전화부터 서류검토 및 보조금 지급까지 담당하고 있습니다. 접수 및 전화량이 많아 처리가 계속 지연되오니, 자동차 보조금액, 처리요청 등 단순문의는 공고문을 꼭 확인하여주시기 바랍니다. - 보급대수 : 총2,637대 (승용 2,330대 / 화물 290대 / 버스 14대 / 어린이통학버스 3대) 상반기 1,244대(승용 1,000대 / 화물 230대 / 버스 14대) 하반기 1,393대 (승용 1,330대 / 화물 60대 / 어린이통학버스 3대) ※ 차종별 보조금 변경 및 보급물량은 예산범위 내에서 변동될 수 있음",마감,
경기,오산시,전기승용,"경기 오산시 전기승용 본공고 1 *일반: 출고등록순 *우선: 출고등록순 1000 (60) (0) (30) (910) 743 (245) (15) (10) (473) 692 (234) (15) (9) (434) 308 (0) (0) (21) (476) **6/15(월)) 13시 기준 - 전기승용 잔여물량 0대 <대상자선정 마감, 지원가능확인요청 순으로 대기자 전환, 지원신청접수 마감> - 전기화물 마감 **3차공고 10월 이후 (세부일정 등 미정) ---------------------------------------------------------------------------- ○ 신청접수기간 - 전기승용 : 2026. 5. 14.(목) 10:00 ~ 2026. 8. 31.(월) 18:00 - 전기화물 : 2026. 5. 14.(목) 14:00 ~ 2026. 8. 31.(월) 18:00 ※ 예산소진시 조기마감될 수 있음 ○ 보급 대수 : 전기승용 400대, 전기화물 70대, 전환지원금 100대 ○ 신청방법 : 구매계약 후 신청서 작성하여 전기차 판매점 통해 신청 ○ 보조금 지원대상 차량 및 지원금액 : 무공해차 통합누리집에서 조회가능 ※ 조회방법 : 구매 및 지원 > 지자체 차종별 보조금 클릭 > 해당 지자체 조회 * 전화문의가 많아 오히려 업무처리가 지연될 수 있습니다. 서류심사 및 자격부여까지 7일 소요되므로 단순문의 등 독촉전화 자제 부탁드립니다. * 시스템 접수 순으로 서류검토 후 처리합니다. 접수 시 정확히 전화번호를 기재해주시면 자격부여 및 대상자 선정 문자 안내드립니다. * 추가지원대상 여부는 구매자가 반드시 확인하시고 신청바라며 보조금 지급절차 종료 이후 소급지급이 불가합니다.",마감,
경기,시흥시,전기승용,"경기 시흥시 전기승용 본공고 1 본공고 2 추경1차 1 추경1차 2 *일반: 출고등록순 *우선: 출고등록순 1002 (85) (0) (50) (867) 828 (102) (18) (32) (676) 783 (89) (18) (31) (645) 219 (0) (0) (19) (222) ※2차 승용, 화물 모든 물량 마감되었습니다. 하반기 공고는 미정입니다(추후 예산확보시 가능) ※ ★★차종별 보조금액이 상이하므로 공고 대수와 실제 보급 대수는 상이합니다. ☜시스템상 잔여대수와 실제 잔여대수는 일치하지 않습니다★★ <2026년 전기자동차 보급사업 2차 공고> ○ 접수기간 - (화물) 5.6.(수) 11:00 ~ 예산소진 시 까지 - (승용) 5.8.(금) 11:00 ~ 예산소진 시 까지 ○ 보급대수: 승용(352대), 화물(75대), 승합(2대), 어린이통학차량(3대) ○ 자격조건 : 시흥시 거주 90일 이상 ○ 선정방법: 출고등록순 ※자세한 사항은 공고문으로 확인 바랍니다.",마감,
경기,군포시,전기승용,"경기 군포시 전기승용 본공고 1 본공고 2 추경1차 1 추경1차 2 추경1차 3 *일반: 출고등록순 *우선: 출고등록순 900 (72) (0) (27) (801) 555 (162) (14) (9) (370) 415 (128) (10) (6) (271) 485 (0) (0) (21) (530) 6.26.(금) 기준 잔여물량 전기승용 약 185대 전기화물 약 1대(국고보조금 836만원 이하 차량만 가능) 전기승합 스타리아 기준 8대 지원가능 ★ 6.23. 보조금 지침변경으로 개인사업자, 법인도 소형승합 1대 지자체 지원가능 (잔여물량 확인전화 자제해주시기 바라며 접수된 건들 순서대로 서류검토 중이니 전화문의 자제바랍니다.) ☆ 하반기 접수예정 일정: 전기화물 2026. 6. 4.(목) 10:00~ 전기승용 2026. 6. 8.(월) 10:00~ ※ 하반기 공고파일 추경1차 첨부확인 요망 ※ 전화문의가 폭주하여 지급작업 지연되고 있습니다. 단순문의 자제 부탁드립니다. ★ 스타리아 보조금 추가 완료(누리집 및 추경1차 첨부파일3 확인) ★ 전기자동차 공고(2026.1.29.)일 이후 구매계약 해야 지급 가능 ㅇ 하반기사업기간: - 전기화물 2026.6.4.(목) 10:00 ~ 2026.12.4. (금) 18:00 - 전기승용 2026.6.8.(월) 10:00 ~ 2026.12.4. (금) 18:00 ㅇ 하반기지원규모: (승용) 450대 (화물) 90대 (승합) 3대 ㅇ 지원대상: 구매신청서 접수일 기준 30일 이상 군포시에 거주하고, 자동차를 최초등록하는 사용본거지가 군포시인 개인 및 법인 등 ※ 1일 2회 지원신청 및 대상자선정 : 오전10시, 오후14시 ※ 지급신청 후 원본서류 보내주지 않으셔도 됩니다. ★ 차종별 보조금, 전환지원금 추경1차 공고 첨부3 파일 확인 바람 ★ 전환지원금 - 지원 신청 시 기존 내연기관차 자동차등록원부(갑부) 제출 : 보유 3년 확인 위함 - 개인 ○, 개인사업자,법인 X - 판매 시 부부/부모자식간 증여는 불가 - 폐차 및 판매 확인 : 지급신청시까지 폐차 및 판매 증빙서류 제출 - 2026.1.1. 이후 폐차 및 판매건부터 전환지원금 대상(수출말소건도 가능) - 공동명의로 소유한 내연차에 대해 최초 1번 전환지원금 지원(대표, 부대표 관계없음) → 이 경우, 전기자동차 구매자가 3년 이상 보유 해야함 - 전환지원금 보조금 신청 및 지급 절차 끝나고 별도로 신청 및 지급 불가 - 지원신청시점에 기존 내연기관차 3년 보유 해야함",확인필요,
경기,의왕시,전기승용,"경기 의왕시 전기승용 본공고 1 추경1차 1 *일반: 출고등록순 *우선: 출고등록순 661 (20) (0) (15) (626) 502 (148) (9) (18) (327) 400 (132) (7) (12) (249) 261 (0) (0) (3) (377) ★ 2026. 6. 25. 09:00 기준 공지사항 ★ - 승용 현황: 잔여 물량 80여건(대상자선정 기준, 차종별 보조금이 상이하므로 잔여대수는 달라질 수 있습니다) - 화물 현황: 추가 접수 불가 전체 물량 마감, 예비순위는 자격부여자 중 지원가능확인요청순으로 검토하여 처리합니다 ※ 화물 2026년 수량이 모두 마감되었습니다. 현재까지 추가 공고 예정은 없으며, 변동사항이 생길 경우 최소 1달 전에 현재 페이지에 안내할 예정입니다. - 승합(스타리아): 2026. 6. 11. 공고, 2026. 6. 17. 접수 시작(전기승합 탭에서 공고문 확인) / 일반승합 6대 - 업무가 지연될 수 있으니 단순 문의는 자제하여 주시기 바라며, 좌측 공고 파일(추경1)을 참고하여 주시기 바랍니다. ★2026년 전기자동차 승용 및 화물 2차 공고 안내(추경 1차 공고파일 확인)★ ★ 누리집상 잔여대수와 실제 대상자 선정 가능대수는 일치하지 않습니다 ★ ○ 지원대수 - 전기승용 361대(일반 346대, 우선순위 10대, 전기택시 5대) - 전기화물 22대(일반 20대, 우선순위 1대, 택배 1대) ○ 지원대수제한: 개인, 개인사업자 1인당 1대, 법인 1대 ○ 선정기준: 출고등록순 ○ 공고일: 2026. 5. 7.(목) ○ 신청기간: 2026. 5. 14.(목) 10:00부터~2026. 12. 4.(금) 18:00(*예산소진 시 조기마감 가능) ○ 보조금 서류는 시스템을 통해서 첨부(우편발송X) ※ 좌측 표시된 잔여대수와 실제 잔여대수는 상이합니다 (차종별 지원금액이 상이하여 공고대수와 일치하지 않음) ※ 의왕시는 담당자 1명이 전기자동차, 수소자동차, 전기이륜차 업무를 총괄하고 있습니다 전화 문의가 많을 경우 오히려 업무가 지연되니, 독촉 전화는 자제 부탁드립니다(시스템 접수순으로 처리) ※ 차종별 보조금은 무공해차 통합누리집에서 확인해 주시기 바라며 단순 문의는 자제 부탁드립니다",마감,
경기,하남시,전기승용,"경기 하남시 전기승용 본공고 1 본공고 2 *일반: 출고등록순 *우선: 출고등록순 1417 (100) (0) (0) (1317) 971 (155) (27) (6) (783) 679 (120) (18) (6) (535) 738 (0) (0) (0) (782) 하반기 : 6월5일 접수 시작 ※ 우선순위 마감되었습니다. (조건을 갖춘 경우 소상공인, 다자녀 등 추가 보조금 등 지급 가능) ※ 전화 문의가 많아 서류 검토도 어려운 상황입니다. 단순 자격부여 및 대상자선정 문의는 자제부탁드립니다. (승용) 현재 접수 건 포함, 예산 범위 내에 있어 접수 가능합니다. (620번대에서 접수 시작) ※ 접수량과 전화 문의가 급증하여 신청서 검토가 지연되고 있습니다. 양해바랍니다. ※ 단순 잔여 물량 문의 자제 바랍니다. (대상자 선정 이후에 잔여물량 파악이 가능합니다.) ※ 전환지원금 예산 소진 시, 전환지원금 추가 보조금은 지급하지 않습니다. [2026년 하반기 전기자동차 보급사업] ○ 접수기간 : 2026. 6. 5.(금) 09:00 ~ 12. 4.(금) 18:00 ○ 보급대수 - 승용 787대(우선순위 50대) - 화물 140대(우선순위 20대) - 승합 4대(개인) - 승합(어린이) 1대 * 실제 보급대수는 차종별 보조금 차등 지원에 따라 예산범위 내에서 변동될 수 있음 ○ 선정기준 : 출고·등록순 ○ 신청대상 : 지원신청서 접수일 기준 연속 3개월 이상 하남시에 주소를 둔 자 ○ 신청방법 : 무공해차 통합누리집 사이트로 신청 ○ 기타 자세한 사항은 공고문 참조 ※ 제출 서류 우편 송부 불요 ※ 차종별 보조금 확인 방법 : 무공해차 통합누리집 → 구매 및 지원 → 무공해차 구매보조금 지원 → 구매보조금 지급현황 → 지자체 차종별 보조금",마감,
경기,용인시,전기승용,"경기 용인시 전기승용 본공고 1 추경1차 1 *일반: 지원가능확인요청순 *우선: 지원가능확인요청순 4627 (200) (0) (60) (4367) 3661 (1232) (56) (75) (2298) 3026 (1042) (47) (67) (1870) 1601 (0) (0) (0) (2497) ★★ 승용 대상자선정 가능물량 : 180대 (2026.6.26. 18:00 기준)★★ ★ 화물 - 마감 (2026.2.5.) / 하반기 물량 : 299대, 6.29 공고, 7.6. 접수 예정 ★ ■ 전기자동차 승용 상반기 추가 보급사업 변경공고 안내 ■ - 변경공고 : 2026. 5. 15.(금) - 변경공고 접수기간 : 2026. 5. 15.(금) 14:00 ~ 예산소진 시 (신청 공고 구분 : 추경1) ※기존 추경1 접수 건은 재신청 없이 연계하여 그대로 처리함 - 물량 : 2,627대 (예산물량) (차종 및 추가지원 여부에 따라 대수는 변동 가능) ※ 변경 전 800대 → 변경 후 2,627대 ※전체 일반물량으로 진행되며 추가보조금은 대상에 따라 정상 지급됩니다. ★ 잔여물량 500대 이하부터 게시할 에정이오니 단순 잔여대수 확인 문의는 삼가주시기 바랍니다. ※ 반드시 공고문 확인하시고 신청하시기 바랍니다. ※ 하루 50개 내외로 신청서류 검토 및 자격부여되오니 차량 출고일 등 감안하여 신청하시기 바랍니다.",마감,
경기,파주시,전기승용,"경기 파주시 전기승용 본공고 1 본공고 2 추경1차 1 추경1차 2 추경1차 3 *일반: 출고등록순 *우선: 출고등록순 2218 (120) (0) (90) (2008) 1729 (564) (30) (30) (1105) 1177 (397) (20) (26) (734) 1041 (0) (0) (64) (1274) ★ 전기자동차, 수소자동차, 전기이륜차, 무공해건설기계 모두 한 직원이 담당하고 있습니다. 접수순으로 자격부여를 하고 있사오니 독촉 전화는 지양해주시기 바랍니다. (시작번호: 승용 1,066번, 화물 144번) → 시작 당일 승용차 663대가 접수되어 자격부여가 7일 이상 소요되는 부분 너른 양해 부탁드립니다. → 2026. 6. 16. 기준 159대 대상자 선정 ★ '대상자 선정'은 매일 오후 2~3시에 진행합니다(지원가능확인 요청순). ★ 상반기 공고일(2026. 1. 23.) 이후 계약 건에 대해 보조금 지급합니다. [2026년 하반기 파주시 전기자동차 보급사업] - 보급대수: 총 1,198대(승용 989대, 화물 209대) ※ 보급대수는 차량별 보조금 차등 지원 등에 따라 예산범위 내에서 변동될 수 있음 ※ 택시, 택배 보급대수는 2026. 8. 7.까지 적용되며, 이후 집행되지 않은 물량은 일반으로 통합하여 진행 ※ 승합차(9대) 및 어린이통학용 승합차(2대)는 상반기 잔여 물량 보급 - 접수기간: 2026. 6. 8.(월) 14:00 ~ 예산 소진 시까지 - 신청대상: 신청서 접수 일 이전 연속하여 파주시에 60일 이상 거주하거나 파주시에 60일 이상 사무소를 두고 사업자 등록을 한 경우 - 신청방법: 제작.수입사에서 무공해차 통합누리집(ev.or.kr)에서 신청 - 선정기준: (자격부여) 신청서 접수순 / (대상자 선정) 차량 출고.등록순(지원가능 확인요청순) - 제출서류: (지원신청 서류) 지원신청서, 구매계약서, 지방세 납세(완납)증명서 및 추가서류, 추가보조금 증빙서류(해당자) (지급신청 서류) 지급신청서, 자동차등록증 또는 자동차등록원부(갑) 사본, 세금계산서, 사업자등록증, 통장사본, 청렴 이행서약서, 추가보조금 증빙서류(해당자) [자세한 내용은 반드시 공고문을 확인해주시기 바랍니다] ----------------------------------------------------------------------------------- ★ 상반기 본공고 접수분은 취소 후 '추경1'로 재신청(승합차 및 어린이통학용 승합차는 '본공고'로 접수) ★ 예산 범위 초과 여부와 상관없이 자격 부여 가능 ★ 하반기 공고문은 추경1차 1 참고, 서식은 추경1차 2(hwpx 파일)와 추경1차 3(hwp 파일) 참고_추경1차에 올린 서식으로 작성 필 ★ 상반기 본공고에 접수하여 대상자로 선정되지 않은 건은 5.29. ~ 6. 1. 기간 내에 일괄 취소합니다. '추경1'로 재신청하여 주시기 바랍니다.",마감,
경기,이천시,전기승용,"경기 이천시 전기승용 본공고 1 본공고 2 *일반: 출고등록순 *우선: 출고등록순 1179 (66) (0) (33) (1080) 883 (301) (17) (18) (547) 656 (235) (13) (16) (392) 523 (0) (0) (17) (688) ※`26.6.26. 15시 기준 전기승용 접수물량 약 380대. 잔여물량 약 100대. 대상자 확정 물량 약 320건. ※`26.6.23. 18시 기준 전기화물 대상자접수 마감.(지급 완료 아님. 출고하지 않는 차량이 있으면 순서대로 대상자 선정해드릴 예정입니다.) ※`26.6.23. 18시 기준 전기승합 일반 대상자 선정 2대. (잔여 2대.) / 어린이승합 대상자선정건 없음. ※ 7월 7일, 7월 9일 담당자 출장으로 업무 불가합니다. 미리 일정 조율하여 신청해주세요. 감사합니다. ※ 하반기 보급사업 : 첨부파일(본공고2) 참고 ※ 전화폭주로 업무처리가 지연되고 있습니다. 전화자제 및 공고문 참조 ------------------------------------------------------------------------------------------------------ 「2026년 하반기 전기자동차 보급사업」 1. 사업기간 : 2026. 6. 8. (월) 오전 10시 ~ 2026. 12.11.(금) (예산 소진 시 종료) 2. 보급대수 - 승용 : 511대 - 화물 : 77대 - 일반승합 : 4대 - 어린이통학승합 : 2대 3. 선정기준 : 출고·등록순 ※ 자세한 사항은 붙임의 공고문을 반드시 확인하여 주시기 바랍니다. ※ 지원신청 및 지급신청(원본대조필 날인)시 1개의 PDF파일로 스캔하여 첨부 ※ 신청 관련 사항은 지점 및 대리점에 문의",마감,
경기,안성시,전기승용,"경기 안성시 전기승용 본공고 1 본공고 2 추경1차 1 추경1차 2 추경1차 3 *일반: 접수순(초과시 출고등록순) *우선: - 976 (0) (0) (0) (976) 425 (123) (19) (7) (276) 421 (122) (19) (7) (273) 555 (0) (0) (0) (703) ★전기승용 마감되었습니다.★ 하반기 공고는 7/1(수) 예정입니다. ------------------------------------------------------------------------------------------- <2026년 전기자동차 보급사업 변경 공고(상반기 2차)> 1. 신청기간 : 2026. 4. 20.(월) ~ 6. 30.(화) 예산 소진시 조기마감 2. 보급대수: 승용 210대(차종별 보조금 상이하므로 보급대수는 변경될 수 있음) ※ 자세한 사항은 공고문 참고 ※ 전환지원금은 개인(개인사업자 불가)만 신청가능하며 판매 및 폐차관련서류는 보조금 지급신청전까지 제출(대리점에서는 전환지원금 Y로 체크) ※ 지원 신청 후 자격부여까지는 최대 7일이 소요되며 그 결과는 문자로 안내하오니, 빠른 처리를 위한 단순 접수알림, 처리 독촉 전화 자제 요망 붙임 1. 공고문(한글) 1부. 2. 공고문(PDF) 1부. 3. 차종별 보조금 및 전환지원금(EXCEL) 1부. 끝.",마감,
경기,김포시,전기승용,"경기 김포시 전기승용 본공고 1 *일반: 출고등록순 *우선: - 1931 (0) (0) (0) (1931) 1400 (490) (41) (18) (851) 1067 (390) (33) (16) (628) 864 (0) (0) (0) (1303) ★전기차(승용) 1차 대상자 선정 이전단계(접수,신청,자격부여,지원가능확인 등) 진행 건들은 시에서 일괄 취소(불가) 처리 예정이므로 2차 사업(6.1.)에 다시 접수하여 주시기 바랍니다. ★접수기간 : [승용] 2026. 6. 1.(월) ""13:00"" ~ 예산 소진 시까지★ <2026년 상반기(2차) 전기자동차 보급사업 안내> - 접수기간 [승용] 2026. 6. 1.(월) 13:00 ~ 예산 소진 시까지 [화물] 2026. 6. 8.(월) 13:00 ~ 예산 소진 시까지 - 보급대수 : 전기승용 900대 / 전기화물 75대 ※ 실제 보급 대수는 차량별 보조금 차등 지원 등에 따라 예산범위 내에서 변동될 수 있음. - 신청조건 : 지원신청서 접수일 기준 3개월 이전부터 연속하여 김포시에 주소를 둔 개인 또는 개인사업자, 법인·기관 등 - 선정기준 : 출고등록순 * 기타 자세한 내용 공고문 참조 * 추가지원대상 여부는 구매자가 반드시 확인 후 신청하여주시기 바라며 보조금 신청 및 지급 절차 이후 별도 신청 및 지급 불가 ※ 시스템 상 표시된 잔여대수와 실제 잔여대수는 상이함. ★ 보완 완료건은 당일 접수된 서류 모두 확인 후 처리 예정입니다. 서류 접수 시 누락 사항이 없는지 다시 한번 확인 부탁드립니다.★ ★ 지원신청서 작성시 빈칸없이 꼼꼼히 작성해주시기 바랍니다. (*특히 구입차종명 무공해차 신청차종과 동일하게 기입) ★ ★등본 등 발급서류는 신청일 기준 1개월 이내 서류여야 함★",마감,
경기,화성시,전기승용,"경기 화성시 전기승용 본공고 1 추경1차 1 *일반: 출고등록순 *우선: 출고등록순 4797 (30) (0) (160) (4607) 3978 (1403) (98) (89) (2388) 2722 (956) (75) (58) (1633) 2075 (0) (0) (102) (2974) 2026. 6. 15. 승용 2차 공고 2026. 6. 22. 승용 2차 접수 접수 시작 번호: 3176 ★ 신청 접수된 물량이 정해진 예산을 초과하여 접수 마감합니다. ★ 자격부여는 마감 전 접수된 물량에 대해서만 진행하고, 대상자선정은 지원가능확인 순으로 부여해 드립니다. ★ 추가보조금 지원으로 인해 실제 보급대수는 공고물량과 다르게 진행됩니다. ★ 순차적으로 처리하고 있으니 전화는 자제해 주시기 바랍니다. -------------------------------------------------------------------------------- ★★★신청시 주민등록등본(주소변동내역 필수 포함)과 주민등록초본(주소변동내역 필수 포함)을 등록하여 주시기 바랍니다. (화성시 2개월 이상 거주요건 확인용)★★★ -------------------------------------------------------------------------------- << 2026년 전기자동차(승용) 보급사업 (2차) >> - 사 업 명: 2026년 전기자동차(승용) 보급사업 공고(2차) - 접수기간: `26. 6. 22. (월) 10:00 ∼ 11. 27.(금) 18:00(예산 소진시 조기 마감) - 보급대수: 1,390대 ※ 우선순위, 택시 등은 첨부 공고문 참조 - 신청자격: 지원신청일 기준 2개월 이상 연속하여 화성시에 거주한 자 (개인) 만 18세 이상 시민 (개인사업자) 대표자가 화성시에 주소지를 둔 사업자 (법인, 기관) 화성시 내 사업장(본사, 지사, 공장, 자동차 대여사업소 등)이 위치한 법인 및 기업 - 대상자선정기준: 차량 출고·등록순(지원가능확인 요청순) - 지급기준: 차량 출고·등록순 ---------------------------------------------------------------------------- ※ 차종별 보조금 상이하여 시스템 상의 잔여대수와 실제 잔여대수 다름 ※ 차종별 보조금은 사이트 상단 ‘구매 및 지원’→‘무공해차 구매보조금 지원’→‘구매보조금 지급현황’→세부차종 선택→‘지자체 차종별 보조금’ 참고 (국비 변경, 지원 차종 추가 등에 따라 공고문에 기재된 보조금 현황에서 변동될 수 있음) ※ 서류 첨부 시 1개의 스캔본으로 제출 요청(원본 제출 불필요) ※ 생애최초 신청 시 위택스(https://www.wetax.go.kr/main.do)에서 지방세미과세증명(전국, 만 18세 이후~2026년, 자동차 관련 세금) 발급 ※ 시스템 접수순으로 서류 검토하며, 공정성을 위해 전화로 처리 요청하셔도 먼저 처리하지 않습니다.",마감,
경기,광주시,전기승용,"경기 광주시 전기승용 본공고 1 본공고 2 본공고 3 추경1차 1 추경1차 2 *일반: 출고등록순 *우선: 출고등록순 1200 (0) (0) (0) (1200) 1010 (293) (27) (9) (681) 835 (243) (20) (6) (566) 365 (0) (0) (0) (634) << 광주시 상반기 전기자동차 보급사업 추가 공고문>> ○접수기간 : 6.1. 오전 9시 부터 접수~6.30. ※ 예산소진시 까지 ○차량대수 : 사업량 승용 600대 , 화물 80대 잔여대수는 문의전화주세요., 전환보조금은 첨부파일 지방전환비는 국비전환의 30% 전환지원금은 본공고 파일3 칸 참고.(대략 국비 만원 당 0.26이 전환지원금, 세부계산법 국비가 192만원일때, 전환지원금은 49만원(전환국비 38 + 전환지방비 11 = 49) 전환지원금 국비 금액 = 192 * 0.2 = 38 전환지원금 지방비금액(전환지원금 국비금액의 30%) = 38*0.3 = 11 ★주의사항 ▶지원신청서 접수순으로 서류검토 후 자격부여함 ▶자격부여 후 10일이내 출고확정 시 지원가능확인요청 ▶‘지원가능 여부 확인 요청 순’으로 대상자 확정 자세한 사항은 공고문 확인",마감,
경기,양주시,전기승용,"경기 양주시 전기승용 본공고 1 본공고 2 *일반: 출고등록순 *우선: 출고등록순 1118 (55) (0) (20) (1043) 841 (263) (11) (13) (554) 807 (254) (11) (13) (529) 311 (0) (0) (7) (514) ■ 2026년 전기자동차( 보급사업 공고 ■ 1. 사업기간 : 2026. 2. 2. ~ 2026. 12. 11.(예산 소진 시 조기마감) 2. 보급대수 : 1,118대(우선순위 55대, 일반 : 1,043대, 택시 20대) 3. 신청대상 : 전기자동차 신청 전일까지 1개월 이상 거주한 양주시에 주소를 둔 만 18세 이상 개인 대표자가 양주시에 주소를 둔 개인사업자 양주시 내 사업장(본사, 자사 등) 이 위치한 법인 4. 지원금액 : 차종별 차등 지급 5. 선정기준 : 출고 등록순 ★ 대상자로 선정 통보된 날로부터 20일 이내에 차량출고 등록 및 보조금 지급신청을 시스템상 최종 완료해야 하며, 하지 아니한 경우 대상자 선정 취소 됨을 알려드립니다. ★ 전기자동차 보급사업과 관련한 자세한 사항은 공고문1을 참조하시기 바랍니다. ★ 전기자동차(승용) 보조금 금액 및 전환지원금 금액과 관련한 내용도 공고문2을 참조하시기 바랍니다. ★ 전기자동차(승용) 보조금 신청 2026.4.27.에 마감되었으며, 2차 공고 예정일은 2026.09.~10.이나 추경 일정에 따라 공고 일자는 변경될 수 있습니다.",마감,
경기,포천시,전기승용,"경기 포천시 전기승용 본공고 1 본공고 2 추경1차 1 추경1차 2 *일반: 접수순 *우선: 접수순 420 (43) (10) (10) (357) 279 (64) (24) (10) (181) 264 (58) (24) (9) (173) 156 (0) (0) (1) (184) 추경 1차 승용, 화물 마감 되었습니다. 하반기 공고 및 접수는 9월 예정(확정X)입니다.",마감,
경기,여주시,전기승용,"경기 여주시 전기승용 본공고 1 본공고 2 본공고 3 *일반: 접수순(초과시 출고등록순) *우선: 접수순(초과시 출고등록순) 509 (50) (0) (10) (449) 334 (84) (6) (4) (240) 249 (63) (6) (4) (176) 260 (0) (0) (6) (273) ※ 2차(하반기) 전기승용 물랑 2026.06.16.자로 마감되었습니다. ※ 3차 전기차 보조사업 시행 검토중에 있으나, 사업물량 및 사업일정 현재 확정된 내용 없습니다. ※ 서류제출시 중요사항 : 여주시는 원본자료를 받지 않고 있으니, 자료를 업로드 하실 때는 반드시 원본을 바르게 스캔하여 업로드 해주시고 다음과 같은 경우 보완처리 하겠습니다. 예시) 증빙서류를 사진촬영하여 전송받은 파일을 업로드 하는 경우, 팩스로 받아 스캔하여 업로드 하는 경우 등 2026년 2차(하반기) 전기자동차 보급사업 공고를 붙임과 같이 시행하고자 합니다. 1. 사 업 명 : 2026년 2차(하반기) 전기자동차 보급사업 2. 사업(접수)기간 : 2026년 6월 1일(월) 09시 ~ 2026년 12월 11일(금) 18시 3. 하반기 보급물량 : [승용 254대], [화물 75대], [승합(일반) 3대], [승합(어린이통학차량) 1대] 4. 대상자 선정방법 : 접수순(자격부여일로부터 2개월 이내 미출고시 대상자 선정 취소 또는 대기자로 전환) 5 지원내용 : 붙임 공고문 참조 6. 기타사항 : 보조금 지원 금액: 차종별 보조금 지원금액은 무공해차 통합누리집(www.ev.or.kr)을 통해 확인 가능(구매 및 지원 ⇒ 무공해차 구매보조금 지원 ⇒ 구매보조금 지급현황) 붙임 2026년 2차(하반기) 전기자동차 보급사업 공고문 1부. 끝.",마감,
경기,연천군,전기승용,"경기 연천군 전기승용 본공고 1 본공고 2 본공고 3 추경1차 1 *일반: 출고등록순 *우선: 출고등록순 242 (0) (0) (0) (242) 102 (26) (5) (4) (67) 102 (26) (5) (4) (67) 140 (0) (0) (0) (175) 「2026년 전기자동차 구매지원 사업 하반기 공고」 1. 접수기간: 2026. 07. 03.(금) 09:00 ~ 2026. 12. 11.(금) 18:00 2. 사업내용: 전기자동차를 구매하는 자에게 예산의 범위 내에서 보조금 지원 3. 보급대수(하반기): 승용 68대(국비300만원기준), 화물 13대(국비1000만원기준), 승합1대, 어린이버스1대, 전환지원금 21대 - 보급대수는 차종별 보조금 차등 지원 및 국비 추가 지급 등에 따라 예산범위내에서 변동 4. 지원대상: 공고문 참고 ※ 지급신청서(연천군양식)는 자동차등록증 첨부란에 같이 첨부 바랍니다. ※ 모든 서류 원본대조필 날인 ※ 우선순위: 1. 출고등록순 2. 접수순",확인필요,
경기,가평군,전기승용,"경기 가평군 전기승용 본공고 1 *일반: 접수순(초과시 출고등록순) *우선: 접수순(초과시 출고등록순) 170 (17) (0) (0) (153) 163 (38) (0) (3) (122) 163 (38) (0) (3) (122) 7 (0) (0) (0) (31) 가. 신청 및 접수기간: 2026.1.28.~ 예산 소진 및 차량 출고일에 따라 변경 가능 나. 보급대수 1) 전기승용: 170대(일반 153대, 우선지원대상 17대) 2) 전기화물: 45대(일반 40대, 우선지원대상 5대) 3) 전기승합: 일반승합 2대(일반 1대, 공공조달구매 1대), 어린이승합 2대 다. 지원차종 및 금액: 차종마다 상이, 통합누리집 참고",마감,
경기,양평군,전기승용,"경기 양평군 전기승용 본공고 1 추경1차 1 추경2차 1 추경2차 2 *일반: 출고등록순 *우선: 출고등록순 656 (0) (0) (0) (656) 442 (118) (6) (10) (308) 442 (118) (6) (10) (308) 214 (0) (0) (0) (348) 공고 (2026. 2. 2.) 이전 계약 보조금 미지급 대상입니다. (계약일자 확인 후 신청바랍니다.) ★★ 2026년 6월 25일 추가 공고 ★★ 승용 국비 지원단가3,000,000원 기준 29대 전환지원금(승용,화물) 41대 분량으로 예산소진 시 전환지원금 지급 불가(대상자 선정 후 전환지원금 및 추가보조금 소급 적용 불가합니다.) 7월 7일(화) 10시 접수입니다. --------------------------------------------------------------------------------안 내 사 항----------------------------------------------------------------------------------------------------------- 2026. 5. 21.기준(17시)[본예산 물량_마감] ★★ 국비 조기 소진으로 2026년 전기자동차 보급사업[승용]은 마감되었습니다. ★★ ※ 4월 7일 변경공고_전기자동차[승용] 보급사업 상하반기 사업물량 통합 추진 ※ 구매자 특성별 국비지원금 및 차종별 국비 지원금액 300만원초과 차량이 다수 발생된 상황입니다. 참고 사항으로 승용 국비 지원단가 300만원 x 목표 대수 630대 = 1,890,000천원 입니다_양평군 2026년 승용 총 국비임 ※ 보조금 입금 시 1건 (기본국비+기본지방비+전환지원금+구매자특성별지원금(국비)), 2건(지방비분담금_구매자특성별지원금(지방분담금)_차상위, 차상위, 소상공인, 다자녀, 청년, 농업인, 택배 등)으로 2026. 4. 1.이후 지급부터 2건으로 입금예정입니다. ※ 자격부여 이후 지원대상자 출고등록 순으로 선정하고 있습니다. 자격부여 확정 아님 ※ 대상자 선정 후 출고지연 시 대기자(자격부여)로 변경될 수 있습니다. 2026년 구매자 특성별추가지원금 및 전환지원금 등 지방자치단체 분담비율이 증가하여 목표물량 대비 예산이 조기 소진될 수 있을음 알려드립니다.",마감,
강원,춘천시,전기승용,"강원 춘천시 전기승용 본공고 1 본공고 2 *일반: 출고등록순 *우선: - 800 (0) (0) (0) (800) 822 (270) (3) (37) (512) 822 (270) (3) (37) (512) 0 (0) (0) (0) (288) ★ 춘천시 하반기 공고는 8월 예정입니다.(공고 일정은 변경될 수 있습니다.) ★★ 5. 8.(금) 18시부로 승용 및 화물 접수 마감 <2026년 전기자동차 보급사업 안내(3차)> ○ 신청기간 : 2026. 4. 15.(수) 10:00 ~ 12. 11.(금) 18:00 / 예산소진 시 조기 마감 ○ 보급대수 : 승용 400대, 화물 30대 * 예산 범위 내에서 변동 될 수 있음 ○ 기타 자세한 내용은 공고문 참조(4. 15. 게시 예정) * 대상자 선정 전 차량 출고(등록) 시 보조금 지급 불가하오니 주의하여 주시기 바랍니다. ** 전환지원금 관련 기존 차량 폐차, 판매는 지급신청 전까지 완료하시면 됩니다.(차량등록일로부터 10일 이내)",마감,
강원,원주시,전기승용,"강원 원주시 전기승용 본공고 1 본공고 2 추경1차 1 추경1차 2 *일반: 출고등록순 *우선: 출고등록순 1540 (150) (0) (50) (1340) 1130 (385) (17) (36) (692) 1091 (373) (15) (35) (668) 449 (0) (0) (15) (672) ○ 현재 접수 불가입니다(2차까지 진행했으며 마감되었습니다) *승합 스타리아 신청가능(잔여 7대) ○ 추경 9월 예정(변동될 수 있으며, 변동 또는 확정 시 해당 페이지에 기재합니다) ○ 무공해차 통합누리집 내 출고잔여대수와 실제 잔여대수는 일치하지 않음 ○ (참고) 해당 페이지 공고파일 보는 법: 본공고=1차 공고 // 추경1차=2차 공고 (시스템 상 파일 표출명과 실제 지자체 공고명이 일치하지 않아 안내드립니다) ○ 제조수입사는 공고문 필독하시기 바랍니다. 공고 미숙지 및 시스템 오기입 등으로 인한 보완 발생 시 순번 밀릴 수 있으며, 시는 책임지지 않습니다. ○ 지급신청서 원주시 공고 서식 사용 및 원본서류 일체 발송 ○ 2차 공고(마감) - 공고일: 4. 23. - 접수일: 4. 28. 09:00 ~ - 공고대수: 승용 340대, 화물 90대, 승합(개인) 3대 ○ 1차 공고 마감일: 4. 14.(대상자선정 마감) ○ 연간 총 보급대수 1,540대(1차 1,200대, 2차 340대) - 보급대수는 차종별 보조금 차등 지원 및 국비 추가 지급 등에 따라 변동될 수 있습니다.",마감,
강원,강릉시,전기승용,"강원 강릉시 전기승용 본공고 1 본공고 2 *일반: 접수순 *우선: - 795 (0) (0) (0) (795) 526 (155) (7) (27) (337) 504 (151) (6) (25) (322) 291 (0) (0) (0) (473) 26.6.25.~6.26. 담당자 부재입니다. ☆ 2차 공고 승용 화물 마감 ☆ -자격 부여 대상자는 보조금 지원 가능하니, 대상자 선정 신청 하세요.- 3차 공고(추경): 9월 예정(변동 가능) 접수대수: 승용 195대, 화물48대 (예산 소진 상황에 따라 물량 변동 가능) ☆ 예산 소진 시 접수가 마감되며, 예산 소진 이후 접수 건은 대기자로 분류☆ ☆출고 기한(2개월) 초과 시 대상자 선정이 취소되거나 대기자로 전환 될 수 있음☆ <2026년 전기자동차 보급사업 2차 안내> ○ 신청기간 : 2026. 4. 27.(월) ~ 11. 30.(월) 예산소진 시 조기 마감 ○ 보급대수 승용: 195대 (연간 총 보급대수 795대 / 1차 600대 2차 195대) 화물: 48대 (연간 총 보급대수 168대/ 1차 120대, 2차 48대) ○ 기타 자세한 내용은 공고문 참조 * 대상자 선정 전 차량 출고(등록) 시 보조금 지급 불가하오니 주의하여 주시기 바랍니다. ** 2026. 1. 2. 이후 구매 계약 건만 인정합니다. *** 전환지원금 관련 기존 차량 폐차, 판매는 지급신청 전까지 완료하시면 됩니다.(차량등록일로부터 10일 이내)",마감,
강원,동해시,전기승용,"강원 동해시 전기승용 본공고 1 본공고 2 추경1차 1 추경1차 2 *일반: 출고등록순 *우선: 출고등록순 280 (20) (0) (10) (250) 190 (22) (3) (9) (156) 178 (22) (3) (9) (144) 102 (0) (0) (1) (106) ★ 5월12일 13:50기준 2차공고 승용 접수 마감합니다. ★ ★ 대상자선정건중 취소물량이 나올경우 지원가능확인요청순으로 후순위 지원합니다. ★ ★ 택시 우선순위 1대 남았습니다.(5월까지 신청없을경우 6월 일반물량으로 전환되어 지원가능확인요청순으로 후순위 지원합니다.) ★ <2차 공고> ○ 접수일정 : 마감 ○ 추가물량 : 승용 70대, 화물 20대, 승합(개인) 2대(상반기 잔여물량 미포함) ※ 상반기 잔여 물량 : 승합(개인) 3대, 승합(어린이통학) 1대 ※ 택시 우선순위 잔여물량은 6월부터 일반물량 통합 ※ 자격부여는 예산을 초과하여 접수함(대상자확정 기준으로 예산소진시 마감) *** '26.1.1.이후 계약건에 대해서만 보조금 지급이 가능합니다!! * 대상자 선정 전 차량 출고(등록) 시 보조금 지급 불가하오니 주의하여 주시기 바랍니다. * 전환지원금은 개인(개인사업자,법인 등 불가)만 신청가능하며 판매 및 폐차관련서류는 보조금 지급신청전까지 제출 * 다자녀, 생애최초의 경우 ""만""나이 기준(다자녀 만18세이하, 생애최초 만19세~만34세) * 지급신청시 시스템에서는 미첨부하도록 되어있으나, 붙임4의 지급신청서도 별도첨부해주시기 바랍니다!!",마감,
강원,태백시,전기승용,"강원 태백시 전기승용 본공고 1 본공고 2 추경1차 1 추경1차 2 *일반: 출고등록순 *우선: 출고등록순 228 (15) (0) (7) (206) 133 (58) (0) (11) (64) 112 (52) (0) (10) (50) 116 (0) (0) (0) (156) 제1차(본공고) 보급공고 물량: 승용 150대, 화물 30대 제2차(추경1차) 보급공고 물량: 승욜 80대, 화물 20대 -전환지원금 관련 국비, 지방비 만원이하 반올림 등 수정사항이 있어 전환지원금은 변경가능성 있음 -지급청구 시 원본 우편 제출 필요(온실가스 감축실적 활용동의서 원본도 함께 제출) -대상자 선정은 출고 등록순(대상자 확정 물량에 따라 신청 마감 예정)",마감,
강원,속초시,전기승용,강원 속초시 전기승용 본공고 1 본공고 2 *일반: 출고등록순 *우선: 출고등록순 58 (0) (0) (0) (58) 167 (56) (0) (12) (99) 165 (56) (0) (12) (97) 0 (0) (0) (0) (0) 4. 29.일자로 상반기 접수 마감되었습니다. 하반기 공고는 8월 중으로 계획 중입니다.,마감,
강원,삼척시,전기승용,"강원 삼척시 전기승용 본공고 1 본공고 2 *일반: 출고등록순 *우선: 출고등록순 119 (0) (0) (0) (119) 142 (50) (1) (3) (88) 128 (46) (1) (3) (78) 0 (0) (0) (0) (41) ★승용 접수마감 ★6.25.기준 잔여예산 : 화물 3대, 승합 스타리아 기준 2대 -2026년 공고물량 : 승용 220대, 화물 70대, 승합(개인) 1대, 승합(어린이통학용) 1대 ★8월말~9월초 승용 63대, 화물 3대 추가 공고 예정★ -전환지원금은 지원신청 시 신청하여 보조금 확정 후 지급신청 전까지 차량 판매 또는 폐차 완료하여야 합니다.",마감,
강원,홍천군,전기승용,"강원 홍천군 전기승용 본공고 1 본공고 2 본공고 3 *일반: 접수순 *우선: 접수순 170 (20) (0) (0) (150) 168 (62) (2) (1) (103) 158 (57) (2) (1) (98) 12 (0) (0) (0) (52) 신청기간: 2026.2.2.(월) 09:00 ~ 9.30.(수). 18:00 총 보급대수: 승용 254, 화물 90, 승합 4 - 1차 보급대수: 승용 170, 화물 60, 승합 4 *접수 물량 및 예산 집행 상황에 따라 조기 마감 또는 변경 가능 * 대상자 선정 전 차량 출고(등록)시 보조금 지급 불가",마감,
강원,횡성군,전기승용,"강원 횡성군 전기승용 본공고 1 본공고 2 본공고 3 추경1차 1 추경1차 2 추경1차 3 *일반: 출고등록순 *우선: 출고등록순 150 (0) (0) (0) (150) 105 (26) (4) (0) (75) 97 (23) (4) (0) (70) 53 (0) (0) (0) (80) ☆☆ 1,2차 모두 소진입니다 ☆☆ `26. 6. 12. 전기자동차(승용) 보급사업(상·하반기) 전액 교부 완료로 자격부여, 지원요청만 가능하며 취소분이 생길 경우에 한해 대상자 선정이 가능합니다. //`26. 6. 22. 전기자동차(승용) 취소 분 발생으로 현재 국비 4,850,000, 도비 300,000, 군비 1,960,000 이하의 차량은 대상자 선정이 가능합니다. ->> 첨부파일 3번 참조 // `26. 6. 17. 추경 예정일 및 추가 대수 등 미정이며 확정 사항 없습니다. 계획 및 예산 정해지면 바로 공고 하겠습니다. `26. 6. 19. 전기자동차(화물) 보급사업(상·하반기) 전액 교부 완료로 자격부여, 지원요청만 가능하며 취소분이 생길 경우에 한해 대상자 선정이 가능합니다.",마감,
강원,영월군,전기승용,강원 영월군 전기승용 본공고 1 본공고 2 *일반: 출고등록순 *우선: 출고등록순 130 (0) (0) (0) (130) 82 (23) (0) (2) (57) 80 (23) (0) (2) (55) 50 (0) (0) (0) (75) 현재 승용 마감했습니다.,마감,
강원,평창군,전기승용,강원 평창군 전기승용 본공고 2 본공고 3 *일반: 출고등록순 *우선: 출고등록순 130 (13) (0) (0) (117) 84 (30) (4) (1) (49) 84 (30) (4) (1) (49) 46 (0) (0) (0) (68),확인필요,
강원,정선군,전기승용,강원 정선군 전기승용 본공고 1 *일반: 접수순 *우선: 접수순 100 (0) (0) (0) (100) 101 (29) (3) (0) (69) 82 (24) (3) (0) (55) 18 (0) (0) (0) (45),확인필요,
강원,철원군,전기승용,강원 철원군 전기승용 본공고 1 본공고 2 *일반: 출고등록순 *우선: 출고등록순 140 (0) (0) (0) (140) 100 (32) (6) (1) (61) 78 (25) (5) (1) (47) 62 (0) (0) (0) (93),확인필요,
강원,화천군,전기승용,강원 화천군 전기승용 본공고 1 본공고 2 추경1차 1 *일반: 출고등록순 *우선: 출고등록순 35 (2) (0) (0) (33) 30 (15) (0) (1) (14) 30 (15) (0) (1) (14) 5 (0) (0) (0) (19),확인필요,
강원,양구군,전기승용,"강원 양구군 전기승용 본공고 1 본공고 2 *일반: 출고등록순 *우선: 출고등록순 120 (8) (0) (0) (112) 70 (14) (1) (3) (52) 70 (14) (1) (3) (52) 50 (0) (0) (0) (60) <2026년 전기자동차 보급사업 안내> ★ 2차 신청·접수: 2026. 4. 27.(월) ~ 예산 소진 시까지 ○ 신청기간 : 2026. 4. 27.(월) 10:00 ~ 예산소진 시까지 ○ 보급(계획)대수 : 40대 * 보급(계획)대수는 1대당 단가 및 예산을 기준으로 산정한 것이며, 차종·추가지원 등 신청자별 보조금액이 상이하므로 실제 보급대수와는 차이가 있음 (연간 총 보급대수 120대 / 1차: 80대, 2차: 40대) ○ 기타 자세한 내용은 공고문 참조 * 대상자 선정 전 차량 출고(등록) 시 보조금 지급 불가하오니 주의하여 주시기 바랍니다. * 2026. 1. 2. 이후 구매 계약 건만 인정합니다. * 전환지원금 관련 기존 차량 폐차, 판매는 보조금 지급 신청 전까지 완료하시면 됩니다.(차량등록일로부터 10일 이내) * 전환지원금은 2026. 1. 1. 이후 폐차 및 매매 건에 대해서만 인정합니다. * 현재 조회되는 차종별 보조금 단가는 변동가능합니다. * 보조금 지급 신청 후 지급대기 단계에서 원본서류 제출 바랍니다.(제출처: 강원특별자치도 양구군 양구읍 관공서로 38, 양구군청 경제체육과 / 우편번호: 24522)",마감,
강원,인제군,전기승용,강원 인제군 전기승용 본공고 1 본공고 2 본공고 3 *일반: 출고등록순 *우선: 출고등록순 150 (15) (0) (0) (135) 102 (38) (3) (1) (60) 82 (32) (3) (1) (46) 68 (0) (0) (0) (89),확인필요,
강원,고성군,전기승용,강원 고성군 전기승용 본공고 1 *일반: 출고등록순 *우선: 출고등록순 46 (0) (0) (0) (46) 47 (14) (0) (4) (29) 43 (13) (0) (4) (26) 3 (0) (0) (0) (20) 추가안내사항 1. 붙임3의 감축실적 활용동의서 및 지방세납세증명서를 보조금 지급신청 시 첨부하여 주시기 바랍니다. 2. 상반기 사업물량 조정으로 5. 26(화)부터 승용 부분 추가 접수합니다. (34대=>46대) 3. 하반기 공고는 국비가 확보되는 8월중 추진 예정입니다.,확인필요,
강원,양양군,전기승용,"강원 양양군 전기승용 본공고 1 본공고 2 본공고 3 *일반: 출고등록순 *우선: 출고등록순 120 (6) (0) (6) (108) 66 (8) (2) (2) (54) 54 (8) (2) (2) (42) 66 (0) (0) (4) (66) 차종별 지원액 (국비, 도비, 군비) 확인은 공고문 엑셀 파일 참고 바랍니다 ○ 신청기간 : 2026. 1. 29.(목) 9:00 ~ 12. 11.(금) 18:00 / 예산소진 시 조기 마감 ※ 보조금 지급 청구 신청 : 12.11.(금) 18:00까지 제출분까지 인정 ○ 보급대수 : 총163대 (승용120대, 화물40대, 승합(개인)3대) * 예산 범위 내에서 변동 될 수 있음 (연간 총 보급대수 163대 / 상반기 115(승용72대, 화물24대, 승합(개인)3대), 하반기 48대(승용36대, 화물12대) ○ 기타 자세한 내용은 공고문 참조 * 공동명의는 구성원 모두가 거주조검에 해당하여야 함(가족이 아니어도 공동명의도 신청가능) * 2026. 1. 2. 이후 구매 계약 건만 인정합니다. * 대상자 선정 전 차량 출고(등록) 시 보조금 지급 불가하오니 주의하여 주시기 바랍니다. * 전환지원금은 개인(개인사업자,법인 등 불가)만 신청가능하며 기존 차량 폐차, 판매는 지급신청 전까지 완료하시면 됩니다. ** 별지 제9호 서식 : 전기화물차 구매자는 반드시 '신청 시'에 제출 필요 - 지급신청 전까지 경유 화물차를 폐차,판매,수출말소 등의 과정을 거쳐 경유 화물차 미보유 상태시면 최종적으로 성능보조금 차감 X - 사용연료가 '경유'면 경유화물차로 인정 ** 별지 제10호 서식 : 모든 신청자는 '청구 시'에 제출 필요 - 합계는 세급계산서 합계로 일치시키시기 바랍니다. - 온실가스 목표관리제 외부감축 실적 활용에 관한 내용은 본공고3을 확인하여 주시기 바랍니다.",마감,
충북,청주시,전기승용,"충북 청주시 전기승용 본공고 1 추경1차 1 추경1차 2 *일반: 출고등록순 *우선: 출고등록순 2250 (225) (0) (225) (1800) 2828 (353) (41) (197) (2237) 2358 (345) (36) (183) (1794) 0 (0) (0) (42) (6) <2026 청주시 전기자동차 구매지원사업(6.23.화.)> (승용) 일반, 우선순위 0대, 택시 48대/ (화물) 일반, 우선순위 0 * 일반, 우선순위 물량 예산 소진으로 조기 마감 (승합) 12대 / (어린이) 0대 ---------------------------------------------------------------------------------------- ○ 보조금 지원대상 차량 및 지원금액: 무공해차 통합누리집(www.ev.or.kr)에서 열람 가능 - ""구매 및 지원"" 메뉴 ○ 탄소중립포인트(에너지)가입확인서(https://cpoint.or.kr) 제출 필수 ○ 우선순위 물량 마감 시 일반으로 신청 가능 ○ (전환지원금) 개인만 신청 가능하며 출고 이후 판매 시 매수자 확인 가능한 증빙서류 지급신청 시 추가로 제출할 것 ○ 신청·접수일 기준 다자녀(2007년생 출생일 이전)/ 청년(1991년생 출생일 이전) ○ 원본서류 제출 불필요(전산등록 시 모든 서류를 1개의 PDF파일로 합쳐서 첨부) ○ 자격부여 및 대상자 선정 후 문자통보하지 않으므로 시스템 직접 확인 요망 ○ 청년(생애최초 구매)의 경우 지방세 세목별 과세증명서(자동차세 미과세증명서) 전국 자치단체 체크, 과세년도 2009년부터 현재까지로 발급하여 첨부 - ""위텍스""에서 발급 가능 ○ 기타 자세한 내용은 청주시청 홈페이지 공고문 참조 ○ 민원전화 폭주로 업무처리가 지연되므로 전화문의는 자제해 주시기 바랍니다. ---------------------------------------------------------------------------------------",마감,
충북,충주시,전기승용,"충북 충주시 전기승용 추경1차 1 *일반: 출고등록순 *우선: 출고등록순 870 (276) (10) (30) (554) 1040 (311) (12) (33) (684) 922 (287) (11) (30) (594) 0 (0) (0) (0) (0) 3차공고는 9월말~10월초 예상합니다. (일정 정해지면 공고 예정입니다.) ※충주시 전기자동차 보급사업(2차) --> 마감되었습니다. ○ 공 고 일 : 2026. 4. 30.(목) ○ 신청기간 : 2026. 5. 19.(화) 15:30 ~ 예산 소진 시 까지 ○ 접수방법 : 저공해차 구매보조금 시스템(www.ev.or.kr/ps) ○ 사 업 량 - 승용 : 약 400대(지원금액에 따라 변동 가능) - 화물 : 약 100대(지원금액에 따라 변동 가능) - 승합(일반) : 약 2대(1,2차 통합 물량의 잔량) - 승합(어린이) : 마감 ★ 전화량 폭주로 반드시 공고문 확인하시고 신청바랍니다. ★ ★ 신청개시 후 신청 폭주로 전화 응대가 어려울 수 있습니다. 전화 여부와 관계없이 접수된 순서대로 처리합니다. ★ 신청개시일 오후 2시부터 접수된 순서대로 자격부여 진행합니다. ★ 신청개시일은 신청 폭주로 대상자 선정 불가합니다. 당일신청 당일 대상자 선정을 어려울 수 있으니 이점 염두해 두시고 진행하시기 바랍니다.",마감,
충북,제천시,전기승용,"충북 제천시 전기승용 본공고 1 본공고 2 추경1차 1 추경1차 2 *일반: 출고등록순 *우선: 출고등록순 1200 (120) (0) (60) (1020) 925 (234) (11) (38) (642) 551 (152) (5) (29) (365) 649 (0) (0) (31) (655) ★ 전기승용, 전기화물 대상자 선정 끝났으며, 추후 취소분에 대하여 대기자 순번(지원가능순번)으로 안내 예정 ★ 대상자 선정이후 차종, 연식, 금액 변동은 불가(기본적인 정보 및 공동명의 추가는 증빙서류 적합시 가능) ★ 승용 시작순번 570번, 화물 시작순번 139번입니다. ★ 자격부여, 보완시 문자로 안내할 예정입니다. ★ 신청개시 후 전화응대는 어려울 수 있으며, 접수된 순서대로 자격부여, 대상자 선정 진행 할 예정입니다. ★ 공고문 미숙지, 신청 오타 및 서류미비 사항으로 인한 책임은 신청자에게 있으며, 보완시 보완 완료 시간으로 접수된것으로 간주함 2026년 전기자동차 보급사업(2차)을 다음과 같이 공고 하고자 합니다. □ 2026년 전기자동차 보급사업 안내 ○ 공 고 일 : 2026. 5. 26.(화) ○ 접수기간 : 2026. 6. 15.(월) 10:00 ~ 예산소진 시 까지 ○ 보급대수 : 458대(승용 400, 화물 52, 승합 6) ○ 대상자선정기준 : 자동차 출고·등록 순 ※ 세부사항은 첨부된 공고문 참조 붙임 1. 2026년 전기자동차 보급사업 변경공고 1부. 2. 차종별 지원 단가 1부. 끝. ★ 주의사항 - 2026년 전기자동차 보급사업 공고문 확인 ※ 공고문 미확인에 따른 불이익은 제천시에서 책임지지 않습니다. - 거주지 확인 및 지방세 체납 여부 확인을 위한 주민등록등본 또는 초본, 지방세 납세증명서는 반드시 첨부 필요 ※ 공동명의자로 등록시 둘다 지원 필수자격은 충족하여야 함 - 생애최초 구입 신청 시 지방세 세목별 과세증명서(자동차 취등록세, 자동차세 부과이력) 등본상 거주한 지역, 과세년도는 태어난 시점부터 현재까지로 기준 설정하여 제출 - 공고문 미숙지, 신청 오타 및 서류미비 사항으로 인한 책임은 신청자에게 있음(보완사항은 보완 완료 시간으로 접수된것으로 간주함) - 구매보조금 지급신청 후 지급신청 관련 서류 제천시청 자연환경과로 원본제출(사본은 원본대조필 날인) , 주소: 충청북도 제천시 내토로 295 제천시청 4층 자연환경과",마감,
충북,보은군,전기승용,"충북 보은군 전기승용 본공고 1 *일반: 출고등록순 *우선: - 100 (0) (0) (0) (100) 114 (31) (5) (0) (78) 112 (30) (5) (0) (77) 0 (0) (0) (0) (23) 보은군 전기 승용 마감됐습니다!! 보은군 추가공고는 승용만 해당되며, 9월 말(9월 20일 이후)에 공고 예정이니 참고해 주시면 감사하겠습니다~ 1. 접수기간: 2026. 2. 2.(월) ~ 예산 소진시까지 2. 보급대수: 200대(전기승용차 100대, 전기화물차 100대) 3. 신청대상 - 구매지원신청서 접수일 기준 3개월 이상 계속하여 보은군에 거주하고 있는 만18세 이상의 개인 또는 법인·기업(1인 당 1대, 1 법인·기관 당 1대 지원) 4. 신청방법 - 전기자동차 구입을 희망하는 신청자는 자동차 제작·수입사와 구매계약을 체결하고 구매지원신청서 작성 - 전기자동차 제작·수입사가 구매보조금 지원시스템(www.ev.or.kr)을 통하여 지원 신청서 작성 및 신청 5. 지원금액: 차종별 보조금액 상이(공고문 참조) 6. 대상자 선정: 출고ㆍ등록순 7. 기타사항: 붙임 공고문 참조 8. 게시방법: 무공해차 통합누리집 및 보은군청 홈페이지 공고",마감,
충북,옥천군,전기승용,"충북 옥천군 전기승용 본공고 1 본공고 2 추경1차 1 추경1차 2 추경1차 3 *일반: 출고등록순 *우선: 출고등록순 160 (0) (0) (0) (160) 165 (51) (3) (6) (105) 135 (42) (1) (6) (86) 25 (0) (0) (0) (74) 2차 공고 알림 ******* 마감되었습니다.********* - 사 업 명 : 2026년 전기자동차 구매지원 사업 - 신청기간 : 2026. 6. 16.(화) 14:00 ~ 예산 소진 시까지 ※ 신청 시작 후 몇 분안에 마감 될 것으로 판단되오니 참고바람 **** 신청 당일 관련업무전화가 많을것으로 예상되며 마감 된 후에는 접수가 불가하오니 접수가능여부 문의 전화는 자제바랍니다. **** - 사업대수 : 전기승용 60대 - 신청방법 : 신청인과 구매계약 체결한 제조？수입사가 환경부 무공해차 통합누리집(www.ev.or.kr)에서 신청 ※ 구매신청서 및 증빙서류를 합쳐서 한 개의 PDF 파일로 첨부 가능 단, 용량문제 등으로 화질이 낮아지는 경우 각각 첨부 가능 (내용식별이 힘들 경우 자격부여 불가)",마감,
충북,영동군,전기승용,"충북 영동군 전기승용 본공고 1 *일반: 접수순 *우선: 접수순 180 (30) (0) (15) (135) 178 (48) (3) (3) (124) 170 (45) (3) (3) (119) 10 (0) (0) (12) (16) 2026년 전기자동차 보급지원사업 승용, 화물 예산소진으로 마감되었습니다.",마감,
충북,증평군,전기승용,"충북 증평군 전기승용 본공고 1 본공고 2 *일반: 출고등록순 *우선: - 100 (0) (0) (5) (95) 56 (0) (2) (1) (53) 55 (0) (2) (0) (53) 45 (0) (0) (5) (42) - 2차 공고는 7월 1일 예정입니다.(자세한 사항은 향후 공고문 참조하여 주시기 바랍니다.) - 접수기간 : 2026. 7.2.(목) 10시 ~ 예산소진시까지 - 보급대수 : 승용(일반 50대), 화물(일반 5대)",마감,
충북,진천군,전기승용,"충북 진천군 전기승용 추경1차 1 추경1차 2 추경1차 3 *일반: 출고등록순 *우선: 출고등록순 64 (6) (0) (24) (34) 622 (140) (14) (7) (461) 512 (128) (10) (6) (368) 0 (0) (0) (18) (0) - 6.9.화 16:00~18:00 서류접수 건 모두 야간에 자격부여 예정이며 6.10.수 09:00 지원가능번호 요청하시는 순서대로 선착순입니다. >>6.10. 09시 지원가능순서대로 2차공고 마감되었습니다. (경쟁율 1:6) - 1차 공고 시 대상자 선정되지 못한 건은 취소처리 후 2차 공고 접수 기간 내 다시 자격부여 받아야 합니다. - 2차 공고 시 대상자 선정되지 않은 신청건은 취소 처리 예정입니다. ★★3차공고는 9월 중순 예정입니다, 7월공고하지않습니다 ★★ ○ 공 고 일 : 2026. 5. 26.(화) ○ 신청기간 : 2026. 6. 9.(화) 오후 16시 ~ (2차)예산소진시까지 ※ 6. 9. 18:00 이후 자격 부여 진행 및 6. 10.(수) 업무시간 이후 지원가능확인요청가능 ○ 접수방법 : 저공해차 구매보조금 시스템(www.ev.or.kr/ps) 주요안내사항 (생애최초)저희군은 전 생애에 자동차 보유사실이 없어야합니다. (전환지원금)구매지원 시점에 내연기관차량 매각.폐차안했더라도 가능합니다 대리점에서는 전환지원금 Y로 선택해주세요 -전환지원금은 ""개인만""가능합니다. (개인사업자 불가) (우편발송)올해는 우편발송하지않으셔도됩니다",마감,
충북,괴산군,전기승용,"충북 괴산군 전기승용 본공고 1 본공고 2 *일반: 출고등록순 *우선: 출고등록순 179 (18) (0) (10) (151) 67 (10) (3) (0) (54) 67 (10) (3) (0) (54) 112 (8) (0) (10) (97) ★하반기 공고 - 7월 1일 10:00~ (승용70대, 화물 32대)예정★ ★출고순으로 보조금이 지급되므로, 자격부여가 되어도 보조금 수령이 불가할수 있음 ★자격부여 후 2달이내 미출고, 대상자 선정 후 10일이내 미출고 시 - 대기자전환",확인필요,
충북,음성군,전기승용,"충북 음성군 전기승용 본공고 1 본공고 2 *일반: 출고등록순 *우선: 출고등록순 240 (24) (0) (12) (204) 389 (96) (14) (3) (276) 374 (92) (13) (3) (266) 0 (0) (0) (9) (0) 2026년 음성군 전기자동차 보급사업 예산이 모두 소진되었습니다. 추가경정예산 편성 일정에 따라 예산 편성 후 추가 공고 및 접수는 7월말~8월 중으로 계획 중입니다. ※ 추가공고 계획: 7월말 중 ※ 추가공고 계획물량: 승용 50대, 화물 30대, 어린이버스 2대 ※ 추가공고 게시처: 음성군 홈페이지(https://www.eumseong.go.kr) 고시/공고 게시판",마감,
충북,단양군,전기승용,"충북 단양군 전기승용 본공고 1 추경1차 1 *일반: 출고등록순 *우선: 출고등록순 155 (20) (30) (3) (102) 152 (36) (9) (1) (106) 145 (35) (9) (1) (100) 10 (0) (21) (2) (2) <2026년 단양군 전기자동차 보급사업(2차)> ○ 신청기간 : 2026. 5. 13.(수) ~ 예산소진시까지 ○ 접수방법 : 무공해차 구매보조금 시스템(www.ev.or.kr) ○ 사 업 량 - 승 용 : 약 35대 - 화 물 : 약 13대 - 승 합 : 약 1대(일반) ◆ 주의사항 ◆ - 2026년 전기자동차 보급사업 공고문 확인 필수 ※ 공고문 미확인으로 발생하는 불이익은 단양군에서 책임지지 않습니다. - 공동명의자로 등록시 공동명의자 모두 지원자격을 충족해야 함(공동명의는 가족일 경우에만 가능) - 전환지원금은 ""개인""만 해당됨 (개인사업자,법인 등 지급 불가) - 생애최소 구입 신청 시 지방세 세목별 과세증명서(자동차 취등록세, 자동차세 부과이력) 지역 전국, 과세년도는 현재까지로 기준 설정하여 제출 요청 - 보조금 신청서 오기재 및 서류미비 사항으로 인한 책임은 신청자에게 있습니다.(보완사항은 보완 완료 시간으로 접수된것으로 간주) - 구매보조금 지급신청 후, 단양군청 환경과로 원본제출(사본은 원본대조필 날인) <충북 단양군 단양읍 중앙1로 10, 단양군청 환경과(전기차보조금 담당자)> ※ 전화 폭주로 공고문 우선 확인 요청드립니다.",마감,
충남,천안시,전기승용,충남 천안시 전기승용 본공고 1 본공고 2 추경1차 1 추경1차 2 *일반: 출고등록순 *우선: 출고등록순 1056 (105) (0) (52) (899) 1544 (437) (40) (110) (957) 1082 (325) (27) (88) (642) 0 (0) (0) (0) (257) 2026년 전기자동차 보급사업(2차) 승용차 접수 마감 하반기 전기자동차 보급사업 8월 말~9월예정,마감,
충남,공주시,전기승용,"충남 공주시 전기승용 본공고 1 본공고 2 *일반: 출고등록순 *우선: 출고등록순 130 (14) (0) (6) (110) 271 (66) (7) (14) (184) 211 (49) (4) (10) (148) 0 (0) (0) (0) (0) 사업명 : 2026년도 공주시 상반기 전기자동차 보급사업 공고 승용, 화물 전량 마감입니다.",마감,
충남,보령시,전기승용,"충남 보령시 전기승용 본공고 1 본공고 2 본공고 3 추경1차 1 추경1차 2 추경1차 3 추경2차 1 *일반: 출고등록순 *우선: 출고등록순 200 (16) (0) (7) (177) 201 (14) (0) (8) (179) 197 (14) (0) (8) (175) 3 (2) (0) (0) (2) ★추가모집 접수 마감되었습니다. 하반기 사업은 7월 중 예정임을 안내드립니다.★ ★★★추가모집 관련, 지원물량 확대되었음을 안내드립니다.(추경 1차, 첨부파일3번 확인)★★★ - 2026. 5. 11.(월) 접수된 신청건(142~225번까지)은 배정증빙화면 입력 및 당일(5.11.) 지원가능확인요청 시 대상자 선정가능 <2026년 상반기(추가) 전기자동차(승용·화물) 보급사업> - 접수기간 ※ 예산소진시 조기마감 ★(변경 사항 반영)[승용] '26. 5. 11.(월) 13:00 ~ 6. 5.(금) 18:00 [화물] '26. 5. 13.(수) 10:00 ~ 6. 5.(금) 18:00 - 보급대수: 승용 85대(일반 72, 우선 9, 택시 4), 화물 29대(일반 25, 우선 3, 택배 1) - 선정기준: 출고·등록순(지원가능확인요청순)(※자격부여는 신청접수순으로 예산범위 초과하여 선정하며 대상자 선정된것 아님) ★ 사업포기 시 공고파일1 첨부3 서식에 따라 포기서 제출해 주시기 바랍니다. ※ 기타 자세한 문의사항은 공고문을 참조하시기 바라며, 자격부여, 대상자 선정 요청, 금액확인을 위한 전화문의 자제바랍니다.",마감,
충남,아산시,전기승용,"충남 아산시 전기승용 본공고 1 본공고 2 본공고 3 추경1차 1 추경1차 2 *일반: 접수순 *우선: 접수순 792 (79) (0) (39) (674) 1381 (320) (25) (33) (1003) 659 (59) (12) (29) (559) 133 (20) (0) (10) (115) ***승용 신청마감 / 택시 신청 가능(6대) ※ 추가 보조금은 신청 시 해당 정보 필수 입력!!(대상자 선정 후 전환지원금만 보완가능, 나머지는 변경불가) ※ 전환지원금은 대상자 선정 후 보완요청하여 입력 가능 ※ 신청 시 입력하지 않은 추가보조금은 지원받지 못하거나 보완요청할 경우 보완완료 시점으로 접수순위가 변동됨.",마감,
충남,서산시,전기승용,"충남 서산시 전기승용 본공고 1 본공고 2 추경1차 1 추경1차 2 *일반: 출고등록순 *우선: 출고등록순 479 (48) (0) (17) (414) 353 (115) (7) (12) (219) 353 (115) (7) (12) (219) 126 (0) (0) (5) (195) 2차 공고문 pdf 파일 추경1차 첨부2에 올렸습니다. 차종별 보조금 차등 지원에 따라 예산범위 내 보급대수는 조정될 수 있음. 자격부여(서류검토) → 지원가능확인요청(대리점) → 예산 범위 내 대상자선정 - 2차 사업 : 승용차, 화물차 접수 마감(예산소진) - 3차 사업 : 추경예산 확보 후 9월 예정",마감,
충남,논산시,전기승용,"충남 논산시 전기승용 본공고 1 본공고 2 *일반: 출고등록순 *우선: 출고등록순 192 (20) (0) (0) (172) 240 (76) (8) (2) (154) 205 (67) (6) (2) (130) 0 (0) (0) (0) (42) #######승용마감###### 하반기 공고: 8~9월(변동가능) ※ 차종별 보조금 차등지원 및 추가 지원금 등으로 인해 보급물량은 별도 공고 없이 조정될 수 있으며, 무공해차 통합누리집 상 실제 잔여량과 차이가 있을 수 있습니다. ※ 순번대로 제출서류 일체를 1개의 PDF파일로 등록 필수(원본 스캔) ※ 공고문 미숙지에 따른 불이익은 논산시에서 책임지지 않음(보완요청으로 인한 처리 지연, 경유 화물 보유자 성능보조금 차감 등) ※ 서류 미비 및 시스템 입력 오류 등 보완 사항이 발생한 경우, 보완 완료 시점을 접수 시점으로 간주 ※ 무공해차 통합누리집 상 지원가능확인요청 순번은 중복될 수 있으며, 보급예정물량은 예산 소진 시 별도 공고 없이 조정될 수 있으므로, 제작·판매사에서는 대상자 선정 문자를 확인한 후, 구매자에게 안내하여 혼란이 없도록 해주시기 바랍니다! ※ 공공기관은 구매계약 체결 전 논산시와 사전 협의 필수",마감,
충남,계룡시,전기승용,"충남 계룡시 전기승용 본공고 1 추경1차 1 *일반: 출고등록순 *우선: 출고등록순 177 (19) (0) (13) (145) 177 (31) (2) (0) (144) 177 (31) (2) (0) (144) 0 (0) (0) (13) (1) 승용,화물 물량마감되었습니다 하반기 10월 예정",마감,
충남,당진시,전기승용,"충남 당진시 전기승용 본공고 1 본공고 2 추경1차 1 추경1차 2 *일반: 출고등록순 *우선: 출고등록순 362 (48) (0) (15) (299) 537 (184) (5) (15) (333) 358 (121) (5) (12) (220) 4 (0) (0) (3) (79) 26년 상반기 사업 마감（택시 제외） < 하반기사업 조기공고 안내 > 4.28. 공고 5.11. 10시 승용 접수 (180대)// 5.11. 18시 이후 자격부여// 5.12. 09시 지원가능확인 요청 << 5.13. 승용 대상자 선정 문자전송 완료, 문자를 받지 못하신 분은 9월에 추경 예정이오니 참여 부탁드립니다>> ★★ 공고문에 기재된 바와 같이 실보급 대수는 모델별 차등지원에 따라 변동될수 있습니다. 당초 공고된 보급 대수는 예상 평균치를 기준으로 산정되었으나, 현재 상대적으로 보조금 지원 단가가 높은 차종의 신청 비중이 높아 전체 예산 범위 내에서 보급 가능한 최종 대수가 조정되었습니다. 신청인들에 설명 부탁드립니다★★ 5.14. 10시 화물 접수 (39대) // 5. 14. 14시 이후 자격부여 후 지원가능 확인요청순으로 대상자 선정 // 5.18.까지 확정문자 발송예정 ※실보급대수는 차등지원에 따라 변동될수 있음",마감,
충남,금산군,전기승용,"충남 금산군 전기승용 본공고 1 본공고 2 추경1차 1 *일반: 출고등록순 *우선: 출고등록순 180 (18) (0) (18) (144) 184 (39) (9) (2) (134) 163 (37) (9) (2) (115) 17 (0) (0) (16) (29) ★ 금산군 전기승용, 화물 마감 - 택시+택배물량만 신청가능합니다. *친환경자동차 보급 확대를 위하여 전기자동차 구매 시 보조금을 지원하고자 2026년도 전기자동차 민간보급사업을 공고하오니 많은 참여바랍니다. 1. 사업내용 : 전기자동차(화물,승용) 보급사업(2차) 2. 보급대상 : 구매 지원신청 접수일 기준 2개월 이상 계속하여 금산군에 주소를 둔 개인 및 개인사업자, 사업장이 금산군 내 위치한 법인 및 기업 3. 공고기간 : ~ 2026. 11. 30.(월) 4. 신청기간 : 2026. 5. 06.(수). ~ 2026. 11. 30.(월) 18:00 ※보급대수 소진시 조기 마감 5. 보급대수 : 총120대(전기승용 80대, 전기화물 40대) 6. 지원금액 : 차량 가액에 따라 달라짐(무공해차통합누리집 참고) 7. 신청절차 : 신청인은 가까운 자동차 대리점, 영업소에 구매계약 후 저공해차 통합누리집 내 저공해차 구매 보조금 지원 시스템에 제출 ※ 기타 자세한 사항은 붙임 공고문 참조(세부신청절차가 안내되어 있으니 반드시 확인요망) 붙임 2026년 금산군 전기자동차 민간보급 지원사업(2차) 공고문. 1부. 끝.",마감,
충남,부여군,전기승용,"충남 부여군 전기승용 본공고 1 본공고 3 추경1차 1 추경1차 2 *일반: 출고등록순 *우선: 출고등록순 190 (18) (0) (16) (156) 163 (30) (2) (7) (124) 120 (23) (2) (7) (88) 70 (0) (0) (9) (68) 상반기 1, 2차 전기승용 마감 ※ 전기택시는 별도 문의 바랍니다.",마감,
충남,서천군,전기승용,충남 서천군 전기승용 본공고 1 *일반: 출고등록순 *우선: 출고등록순 96 (9) (0) (9) (78) 114 (14) (4) (0) (96) 86 (11) (1) (0) (74) 10 (0) (0) (9) (4) ※ 조기공고 마감되었습니다.,마감,
충남,청양군,전기승용,"충남 청양군 전기승용 본공고 1 본공고 2 추경1차 1 추경1차 2 *일반: 출고등록순 *우선: 출고등록순 130 (0) (0) (0) (130) 78 (17) (2) (0) (59) 77 (17) (2) (0) (58) 53 (0) (0) (0) (72) 상반기 2차 공고 · 승용 39대 · 화물 18대 · 접수기간: 2026.05.22. ~ 8.10. 첫날은 사전검토만 진행하며, 이후 절차는 둘째날(26일) 09:00부터 시작 22일(금) 접수된 신청서 -> 당일 검토 후 18:00이후 '자격부여' 자격부여된 신청 ->26일(화) 09:00부터 지원가능확인요청 가능(출고예정일이 명시 된 자료 첨부 필수) ※예산 소진 시 조기마감 ※※2차공고 승용, 화물 마감※※",마감,
충남,홍성군,전기승용,충남 홍성군 전기승용 본공고 1 본공고 2 *일반: 출고등록순 *우선: 출고등록순 234 (37) (0) (9) (188) 355 (74) (9) (9) (263) 240 (36) (6) (9) (189) 0 (1) (0) (0) (0) ☆하반기 사업 조기 공고 접수 마감☆ ☆추가 공고는 10월 중 예정이며 물량은 20대 내 예정입니다.☆,마감,
충남,예산군,전기승용,충남 예산군 전기승용 본공고 1 추경1차 1 추경1차 2 *일반: 출고등록순 *우선: 출고등록순 200 (20) (0) (10) (170) 206 (41) (5) (9) (151) 143 (26) (3) (8) (106) 57 (0) (0) (2) (64) 예산 내 승용마감,마감,
충남,태안군,전기승용,충남 태안군 전기승용 본공고 1 본공고 2 본공고 3 *일반: 출고등록순 *우선: 출고등록순 295 (10) (0) (10) (275) 186 (12) (4) (0) (170) 169 (12) (3) (0) (154) 126 (0) (0) (10) (121) ※ 전기 승용 및 화물 상반기 마감(추가공고 포함) → 전기승합(버스) 개인 신청 가능 → 하반기 공고는 추경 확정 후 예정(일정 미정),마감,
전북,전주시,전기승용,"전북 전주시 전기승용 본공고 1 본공고 2 본공고 3 추경1차 1 추경1차 2 추경1차 3 *일반: 출고등록순 *우선: 출고등록순 940 (64) (0) (32) (844) 1760 (258) (27) (84) (1391) 660 (66) (6) (34) (554) 280 (0) (0) (0) (290) ※※※※ 민간(접수종료) ※※※※ ※※※※ 조달청통해 구입하는 공공기관(접수 전에 꼭 담당자가에게 사전 협의부탁드립니다. 예산 소진 시 지급 불가) ※※※※ 1. 하반기 보급물량(시스템상 ’추경1차‘) 1) 전기승용 : 300대(일반·우선순위·택시 물량을 구분하지 않고 통합하여 대상자 선정) 2) 전기화물 : 50대(일반·우선순위·택배 물량을 구분하지 않고 통합하여 대상자 선정) 3) 전기승합 : 4대(일반 3, 어린이통학용 1) ※ 택시는 택시 물량으로, 택배는 택배 물량으로 신청해야 추가보조금 지급 가능 ※ 차종별 보조금 차등 지원 및 추가 지원 여부에 따라 보급물량은 변동될 수 있음 ※ 예산 소진 시 조기 마감 ※ 신청자격 및 신청절차 등 자세한 사항은 공고문 참조 ※ 시스템의 출고잔여대수는 실제 잔여대수와 다를 수 있으므로 담당자에게 확인 바랍니다 2. 전기승용/화물/승합 보조금 신청기간(시스템상 ’추경1차‘) 1) 전체기간 : '26. 6. 15. (월) 09:00 ~ '26. 11. 30. (월) 18:00 2) 서류 접수 기간 : '26. 6. 15. (월) 09:00 ~ '26. 6. 17. (수) 18:00 3) 자격 부여 기간 : '26. 6. 15. (월) 09:00 ~ '26. 6. 19. (금) 18:00 4) 지원 가능 여부 확인 요청(승용) : '26. 6. 22. (월) 09:00 ~ 5) 지원 가능 여부 확인 요청(화물/승합) : '26. 6. 24. (수) 09:00 ~ ※ 신청 시 공고구분은 반드시 ’추경1‘로 선택하여야 함",마감,
전북,군산시,전기승용,"전북 군산시 전기승용 본공고 1 추경1차 1 추경1차 2 *일반: 출고등록순 *우선: 출고등록순 474 (47) (2) (24) (401) 771 (209) (11) (26) (525) 474 (131) (10) (23) (310) 0 (0) (0) (1) (91) ★★ 2차 사업 마감 2026년 전기자동차 보급사업 2차 안내 1. 신청기간 : 2026. 6. 1.(월) 09:00 ~ 6. 30.(화) 18:00 ※ 예산소진시 조기마감 - 지원가능확인 요청 : 2026. 6. 4.(목) 09:00 2. 보급대수 : 승용 94대 3. 선정기준 : 차량 출고 등록순(지원가능여부요청순) ※ 자격부여는 대상자 확정이 아니며, 지원가능여부 요청순에 따라 대상자 확정 진행합니다. ★ 반드시 공고문을 확인하시기 바라며 공고문 미숙지에 따른 불이익은 군산시에서 책임지지 않습니다. ★★ 빠른 업무처리를 위해 차량보조 금액, 신청일자 등 단순문의는 가급적 자제해 주시기 바랍니다. - 대상자 선정, 보조금 지급 등은 독촉 전화와 관계없이 순차적으로 진행됩니다. -------------------------------------------------------------------------- ★★1차 사업 신청접수 마감. <2026년 군산시 전기자동차 민간보급사업 승용전기차 상반기 공고(1차) ○승용 : 380대 신청접수 : '26. 2. 11. -지원가능확인 요청 : '26. 2. 20. 09:00 -------------------------------------------------------------- ※ 자세한 사항은 공고문을 확인하시기 바랍니다.(보조사업 준수사항, 의무운행기간 확인바람) ※ 향후 대상자 선정 후 지급신청 시 원본서류 별도 제출 바람 - 우편주소 : 전북특별자치도 군산시 시청로 17, 군산시청 기후환경과 전기차 담당자 앞 ※ 자격부여 및 대상자 선정 후 별도 문자안내 없음 ※ 대상자 선정 후 10일내 출고증빙서류(전자세금계산서) 미첨부시 별도 통보없이 대상자선정 취소처리함",마감,
전북,익산시,전기승용,"전북 익산시 전기승용 본공고 1 추경1차 1 *일반: 출고등록순 *우선: 출고등록순 284 (14) (0) (14) (256) 620 (117) (9) (45) (449) 222 (47) (2) (12) (161) 62 (0) (0) (2) (95) <2026년 익산시 전기자동차(승용, 화물) 민간보급 사업 공고(2차)> □ 신청 및 지원가능 기간 (* 예산소진시 조기마감) 가. 승용 - 신 청 : 2026. 06. 15.(월) ~ 2026. 06. 16.(화) - 지원가능 : 2026. 06. 19.(금) 09:00 나. 화물 - 신 청 : 2026. 06. 22.(월) ~ 2026. 06. 23.(화) - 지원가능 : 2026. 06. 26.(금) 09:00 □ 보급대수: 총 118대(승용 84대, 화물 34대) ※ 보급여건, 예산증감에 따라 변동 가능 □ 선정방법: 출고등록순 □ 지원한도: 1인 1대, 법인 1대 □ 신청자격: (공통)신청 접수일 기준 연속 3개월 이상 익산시에 주소를 둔 자 □ 보급차량: 환경부 무공해차 통합누리집(ev.or.kr.)에서 열람 ----------------------------------------------------------------------------------------------- ★ 자세한 사항은 공고문 확인 ★ 원본서류 : 전북 익산시 인북로32길 1 익산시청 7층 환경정책과 제출(미제출 시 보조금 미지급) ★ 자격부여 및 대상자 선정 후 문자통보 없음, 시스템 직접 확인 요망 ★ 우선 처리 요청 전화 자제, 신청순서에 따라 공정하게 서류 심사(서류 접수 후 1~2일 소요)",마감,
전북,정읍시,전기승용,"전북 정읍시 전기승용 본공고 1 추경1차 1 *일반: 출고등록순 *우선: 출고등록순 190 (14) (0) (10) (166) 273 (79) (7) (10) (177) 198 (58) (6) (9) (125) 0 (0) (0) (1) (41) ★★하반기 공고 및 접수 8월중으로 변동, 세부일정 미정 ★★ ------------------------------------------------------------------------- <2026년 정읍시 전기자동차 보급사업 2차-마감> ○ 신청기간 : 2026. 5. 21.(목) ~ 2026. 5. 22.(금) *예산 소진 시 마감 ★ 지원가능요청 : 승용 2026. 5. 26.(화) 09:00 / 화물 2026. 5. 27.(수) 09:00 ★ ○ 보급대수 : 70대(승용 50대, 화물 20대) ※ 보급대수는 여건 및 예산 범위 내에서 변동될 수 있음 ※ 택시 잔여 물량은 하반기부터 일반물량 통합 진행 ○ 지원대수 : 1대(개인, 개인사업자, 법인 등) ○ 선정방법 : 출고·등록순 ○ 지원대상 : 신청일 기준 연속으로 3개월(90일)이상 정읍시에 주소지를 두고 있는 만 18세 이상 정읍시민 ** 처리 독촉 및 단순 문의 전화 자제요망 ** 서류 업로드 시 하나의 파일(PDF)로 통합하여 업로드 제출. ** 지급 신청한 후 지원신청 서류 및 지급신청 서류 원본제출. (우편주소 : 전북특별자치도 정읍시 충정로 237, 거안빌딩 2층 자원순환과 전기차 담당자 앞) **시스템의 출고잔여 대수는 실제 잔여대수와 다를 수 있으므로 담당자에게 확인바람",마감,
전북,남원시,전기승용,"전북 남원시 전기승용 본공고 1 본공고 2 추경1차 1 추경1차 2 추경2차 1 *일반: 출고등록순 *우선: 출고등록순 150 (12) (0) (6) (132) 150 (32) (2) (6) (110) 145 (30) (1) (6) (108) 5 (0) (0) (0) (24) <2026년 남원시 하반기 전기자동차 보급사업 공고> ****붙임문서 : 추경2차 공고**** 1. 전체기간 : ‘26. 7. 6.(월) 10:30 ~ 11.30(월) 18:00(예산 소진시 조기마감) 2. 서류접수 : ’26. 7. 6.(월) 10:30 ~ 7. 7.(화) 18:00 3. 자격부여 : ‘26. 7. 6.(월) 10:30 ~ 7. 8.(수) 18:00 4. 출고등록순(승용) : ’26. 7. 9. (목) 09:00 ~ 5. 출고등록순(화물) : ’26. 7. 10. (금) 09:00 ~ 6. 보급대수 : 96대(승용 60대, 화물 36대) ※ 보조금 차종별 차등지원 및 구매수요에 따라 보급물량은 별도 공고 없이 조정될 수 있음 7. 보급차종 : 환경부에서 보조금 지원 대상 차종으로 선정한 차종 8. 지원금액 : 차종에 따라 차등지원 9. 대상자선정 : 출고등록순 ※ 자세한 사항은 공고문을 확인하여 주시기 바랍니다. *********추가공고 승용, 화물 접수마감********** <2026년 남원시 상반기 전기자동차 보급사업 추가(1차) 공고> ****붙임문서 : 추경1차 공고**** ○ 신청기간 : 2026. 6. 4.(목) ~2026. 6. 30.(화) *예산 소진시 마감 - 승용 : 2026. 6. 4. 10시 30분 부터 접수 시작 - 화물 : 2026. 6. 4. 14시 30분 부터 접수 시작 ○ 보급대수 : 50대(승용 30대, 화물 20대) **여건 및 예산 범위 내에서 변동 ○ 선정방법 : 접수+차량출고 등록순 ○ 지원대수 : 승용, 화물 각 1대 *********본 공고 승용, 화물 접수 마감************ ※시스템의 출고잔여대수는 실제 잔여대수와 다를 수 있으므로 담당자에게 확인 바랍니다 <2026년 남원시 상반기 전기자동차 보급사업> ○ 신청기간 : 2026. 2. 9.(월) ~2026. 6. 30.(화) *예산 소진시 마감 ○ 보급대수 : 201대(승용 120대, 화물 78대, 승합 3대) **여건 및 예산 범위 내에서 변동 ○ 선정방법 : 접수+차량출고 등록순 ○ 지원대수 : 승용 화물 승합 1대(개인, 법인, 사업자, 단체 등) **전북특별자치도 및 남원시 보조금을 지급 받은 전기자동차 구매자는 의무운행기간을 전북특별자치도 내에서 준수하여야 함 - 의무운행기간 미준수(타시도 판매)싱는 환수율에 따라 보조금(도·시비)을 환수함 - 전기화물차를 구매한 자가 해당 차량을 2만km이상 운행하지 아니하고 최초 등록한 날로부터 2년 이내에 판매하는 경우 보조금 수령자로부터 지급된 보조금의 30%를 회수 **서류 업로드 시 하나의 파일(PDF)로 통합하여 업로드 제출 **지급 신청한 후 지원신청서류 및 지급신청 서류 원본 제출 (우편주소 : 전북특별자치도 남원시 시청로 60, 환경과 전기차 담당자 앞) ※시스템의 출고잔여대수는 실제 잔여대수와 다를 수 있으므로 담당자에게 확인 바랍니다 ****생애 첫차 구입 및 다자녀 혜택 : 붙임 2참고**** 한국환경공단: 법인(전기승용 및 전기화물) 2대 이상 구매 시(☎1661-0970)",마감,
전북,김제시,전기승용,전북 김제시 전기승용 본공고 1 추경1차 1 *일반: 출고등록순 *우선: 출고등록순 193 (18) (0) (9) (166) 322 (51) (7) (10) (254) 183 (34) (3) (9) (137) 10 (0) (0) (0) (29) -------------- 마감 -------------------------- - 상반기 신청기간 : 2026.6.15.(월) 10:00 ~ 2026.6.18.(수) - 상반기 보급대수 : 승용 15대/ 화물 10대 / 승합 2대 승용 대상자 선정 끝났습니다 다음 공고는 추경 물량 확보 후 8월 예정입니다. 감사합니다.,마감,
전북,완주군,전기승용,"전북 완주군 전기승용 본공고 1 추경1차 1 추경1차 2 *일반: 출고등록순 *우선: 출고등록순 196 (16) (0) (10) (170) 325 (16) (6) (8) (295) 193 (16) (5) (8) (164) 3 (0) (0) (2) (6) - 하반기 공고 <9월 중순 이후 예상(미정)>, 추가 예산 확보 후 공고 예정 - 승용 약 50대, 화물 약 20대 예상 ☆★☆★☆2026년 상반기 추가공고 마감☆★☆★☆ 1. 공고대수 : 승용 36대(일반 34대, 택시 2대), 화물 10대 (신청마감) ※ 차종별 보조금은 상이하며, 지원금액 및 예산 집행 상황에 따라 보급물량은 조정될 수 있음. 2. 선정방법 : 출고등록순 3. 지원가능 확인요청일 : 5월 13일 ~ 14일 (자세한 사항은 공고문 참조) ※ 승용 선정 마감 ※ 화물 선정 마감 ★ 자세한 사항은 공고문 참고 ★ 전환지원금은 개인(개인사업자 불가)만 신청가능하며 판매 및 폐차관련서류는 보조금 지급신청전까지 제출(대리점에서는 전환지원금 Y로 체크) ★ 빠른 처리를 위한 단순 접수알림, 처리 독촉 전화 자제 요망",마감,
전북,진안군,전기승용,"전북 진안군 전기승용 본공고 1 *일반: 출고등록순 *우선: 출고등록순 76 (1) (0) (2) (73) 60 (9) (1) (0) (50) 60 (9) (1) (0) (50) 16 (0) (0) (2) (23) 하반기 공고(2026.6.17. 또는 2026.6.18. 진안군 홈페이지 게제 예정) - 승용 16대, 화물 5대(신청기간 2026.7.1.~7.7. 5일간 / 출고가능일 7.9. 오전10시부터~예산소진시까지) 하반기 공고 이후 추경예정있음(2026.8월 또는 9월중) ※ 물량미확정",마감,
전북,무주군,전기승용,전북 무주군 전기승용 본공고 1 추경1차 1 추경1차 2 *일반: 출고등록순 *우선: 출고등록순 37 (4) (0) (2) (31) 39 (4) (1) (2) (32) 39 (4) (1) (2) (32) 0 (0) (0) (0) (0) 2차 접수는 7월1일 승용 10:00 ~ 화물 14:00 ~ 물량은 승용 14대 화물 7대 승합 스타리아 기준 2대,확인필요,
전북,장수군,전기승용,전북 장수군 전기승용 본공고 1 본공고 2 *일반: 출고등록순 *우선: 출고등록순 44 (3) (0) (2) (39) 46 (7) (1) (0) (38) 42 (6) (1) (0) (35) 2 (0) (0) (2) (4),확인필요,
전북,임실군,전기승용,"전북 임실군 전기승용 본공고 1 본공고 2 *일반: 출고등록순 *우선: 출고등록순 67 (10) (1) (0) (56) 66 (21) (0) (0) (45) 66 (21) (0) (0) (45) 1 (0) (1) (0) (11) *상반기 승용 마감 *하반기 7월 접수 예정 *********************** [2026년 상반기 임실군 전기자동차 민간보급사업 공고] 1. 신청기간: 2026. 2. 24.(화) 10:00 ~ 6. 30.(화) 18:00 ※예산소진시 조기마감 2. 보급물량: 전기승용 67대, 전기화물 24대 3. 선정방법: 출고등록순 4. 지원한도: 차종당 1인 1대 5. 신청대상: (공통)신청접수일 이전부터 연속하여 3개월(90일) 이상 임실군에 주소를 둔 자 6. 보급대상차량: 환경부 무공해차 통합누리집(ev.or.kr) 구매 및 지원 → 무공해차 구매보조금 지원 → 구매보조금 지급현황 → 차종, 세부 차종, 기준년도 선택 → 지자체 차종별 보조금 클릭 → 해당 지자체 조회 ◆ 의무운행기간 미준수(타도시군판매,말소 등)시에 환수율에 따라 보조금(지방비)환수 ---------------------------------------------------------------------------------------------------------- ▶ 자세한 사항은 공고문 확인. ▶▶ 시스템 잔여대수는 실제 잔여대수와 다를 수 있으므로 담당자에게 확인바랍니다. ▶ 자격부여 및 대상자 선정 후 문자통보 없음. 시스템 직접 확인 요망.",마감,
전북,순창군,전기승용,"전북 순창군 전기승용 본공고 1 추경1차 1 추경1차 2 추경1차 3 *일반: 출고등록순 *우선: 출고등록순 54 (13) (0) (1) (40) 53 (13) (1) (1) (38) 51 (13) (1) (1) (36) 3 (0) (0) (0) (4) <2026년 순창군 2차 전기차 보급사업 > 사업공고 : 2026. 6. 9.(화) 접수기간 : 2026. 7. 7.(화) 10: 00 ~ 예산소진시까지 보급대수 : 40대(전기 승용 34, 전기 화물 6)",마감,
전북,고창군,전기승용,"전북 고창군 전기승용 본공고 1 추경1차 1 *일반: 출고등록순 *우선: 출고등록순 96 (10) (0) (5) (81) 58 (12) (0) (3) (43) 56 (12) (0) (3) (41) 40 (0) (0) (2) (40) 2026년 전기자동차 하반기 민간보급사업 공고 □ 공고개요 1. 신청기간 :‘26. 7. 1.(수) ~ 11. 30.(금) (예산 소진 시 조기마감) 2. 보급대수 : 67대(승용 39, 화물 28) ※ 보급물량 상세내용은 공고문 참조 3. 지원차종 : 환경부 무공해차 통합누리집(www.ev.or.kr) 참조 ※ 공고일 이후 환경부 보조금 지원대상으로 선정된 차량은 추가공고 없이 보조금 지원대상 포함 4. 지원금액 : 차종에 따라 차등지원 5. 신청방법 : 신청자 ⇒ 제조·수입사(대리점) ⇒ 환경위생과 제출 (무공해차 구매보조금 지원시스템)",마감,
전북,부안군,전기승용,"전북 부안군 전기승용 본공고 1 본공고 2 본공고 3 *일반: 출고등록순 *우선: 출고등록순 76 (8) (0) (8) (60) 68 (8) (0) (0) (60) 68 (8) (0) (0) (60) 8 (0) (0) (8) (0) ======================================= 상반기 승용 -우선순위, 일반 / 화물-우선순위, 일반 마감 ================================== << 부안군 상반기 전기차 보조금 지급신청 안내>> ◎ 상반기 신청 기간 : 2026.2.23.(월) 9:00 ~ 2026.6.26.(금) 18:00 [예산소진 시 조기마감] ◎ 상반기 보급대수 : 승용 76대 화물 41대 ◎ 지원대상 : 부안군에 연속하여 60일 이상 주소를 둔 만18세 이상의 군민 ◎ 선정방법 : 출고 및 등록순 ---------------------------------------------------------------------------- ※ 차종별 보조금 차등 지원에 따른 보급대수 예산범위내 변동가능 ※ 전환지원금을 위한 폐차 및 판매 증빙서류는 보조금 지급신청 전까지 제출 - [신청 시 전환지원금 Y체크] 추후 별도 신청 및 지급 불가 ※ 누락 서류 및 오기입된 서류가 없는지 확인 바랍니다. ※ 자세한 사항은 공고문 참조 ※시스템의 출고 잔여대수는 실제 잔여대수와 다를수 있으므로 담당자에게 확인바랍니다. ---------------------------------------------------------------------------- ★ 단순 접수 알림 및 독촉전화 자제 부탁드리고 당일신청 당일 출고 지양바랍니다. ★ 지급신청 후 지원서류 및 지급신청 서류 원본제출 [우편주소: 전북특별자치도 부안군 부안읍 당산로 91, 부안군청 환경과 전기차 담당자 앞]",마감,
전남,목포시,전기승용,전남 목포시 전기승용 본공고 1 본공고 2 추경1차 1 *일반: 출고등록순 *우선: 출고등록순 151 (4) (0) (2) (145) 167 (23) (5) (13) (126) 122 (19) (4) (10) (89) 29 (0) (0) (0) (56) 2026년 전기자동차(승용) 보급사업(2차) 공고 안내 ○ 신청기간 : 2026 5. 20. ~ 6. 30. (평일 9 ~18시) ☆★○ 지원가능 확인요청 : 2026. 5. 22. ~ 6. 30. (평일 9 ~18시) ○ 보급대수 : 55대 ○ 선정방법 : 지원가능 확인요청 순(출고등록순) ※ 보급대수는 차량별 보조금 차등지원에 따라 예산범위 내에서 변동될 수 있음,확인필요,
전남,여수시,전기승용,"전남 여수시 전기승용 본공고 1 본공고 2 추경1차 1 추경1차 2 *일반: 출고등록순 *우선: 출고등록순 600 (60) (0) (30) (510) 649 (199) (6) (64) (380) 629 (189) (6) (63) (371) 0 (0) (0) (0) (139) <2026년 여수시 전기자동차 보급사업(2차) 시행> ★2차 사업 접수 마감 ★3차 사업은 하반기에 진행 예정으로 정확한 시기는 아직 정해지지 않았습니다. 참고 바랍니다. ※ 예산 소진 후 취소물량 발생 등으로 추가 선정 가능한 경우, ‘마감일 기준, 자격부여된 신청인에 한해서 지원가능요청 순서대로 대기자’가 되며 별도 연락 예정입니다. ※ 차량 구입 시 차량 가액에 따라 기초연금, 장애인연금 등 수급 기준을 충족하지 못할 수 있으며, 사전에 확인하시기 바랍니다. ★ 구매계약일 2026. 1. 2. 이후 건만 인정 - 접수기간: 2026. 5. 26. (화) 10:00 ~ 2026. 12. 4. (금) 18:00 ※ 예산 소진 시 마감 - 보급대수(2차): 승용 200대, 화물 50대 * 차종별 차등지원에 따라 변동될 수 있음 - 지원대상: 신청일 기준 3개월간 연속하여 여수시에 주소를 둔 개인, 법인 등 * 대상자 선정은 자동차 출고 등록 순 (보조금 지원가능 요청순) * 지원신청서의 빠른 승인을 위해 독촉 전화문의는 자제 부탁드립니다. * 자세한 사항은 공고문 참고하여 주시기 바랍니다. ★(성능보조금)경유화물차 보유 여부 확인 시점은 보조금 지급신청일 기준입니다. - 국비 기준금액에서 성능보조금 50만원 차감 될 경우, → 국비: 기본국비 - 50만원 → 지방비: (기본국비 - 50만원) x 40% → 소상공인: (기본국비 - 50만원) x 30% * 그 외 추가금도 동일한 방식으로 계산 ★(전환지원금)지급 신청전 까지 처리후 서류 첨부하시면 됩니다. - 전환지원금 지급신청서 꼭 제출 - 전환지원금은 ""개인만"" 가능합니다. (개인사업자, 법인 불가) - 전기차 구매 대표자가 보유했던 차량에 대해 대표자 또는 공동명의자 여부 무관하게 지원 가능합니다.",마감,
전남,순천시,전기승용,전남 순천시 전기승용 본공고 1 본공고 2 *일반: 출고등록순 *우선: 출고등록순 500 (50) (0) (25) (425) 474 (156) (6) (39) (273) 474 (156) (6) (39) (273) 26 (0) (0) (0) (152) ※ 승용 접수 마감입니다. ※ 향후 추가 예산이 확보되면 안내 드리겠습니다.,마감,
전남,나주시,전기승용,"전남 나주시 전기승용 본공고 1 본공고 2 *일반: 출고등록순 *우선: 출고등록순 40 (4) (0) (0) (36) 191 (57) (7) (8) (119) 190 (57) (7) (8) (118) 0 (0) (0) (0) (0) <2026년 상반기 전기자동차 보급사업 추가 시행> - 접수기간: 2026. 6. 1.(월) 9:00 ~ 예산소진시까지 - 보급대수 : 상반기 승용 40대, 화물 10대 * 차종별 차등지원에 따라 변동될 수 있음 - 지원대상: 신청일 기준 3개월 간 연속하여 나주시에 주소를 둔 개인, 법인 등 * 대상자 선정은 자동차 출고 등록 순(보조금 지원가능 요청순) * 지원신청서의 빠른 승인을 위해 독촉 전화 문의는 자제 부탁드립니다. * 자세한 사항은 공고문 참고하여 주시기 바랍니다. * (전환지원금) 지급 신청 전까지 처리 후 서류 첨부하시면 됩니다. - 전환지원금은 ""개인만""가능합니다. (개인사업자, 법인 불가) - 전기차 구매 대표자가 보유했던 차량에 대해서만 지원 가능합니다.",마감,
전남,광양시,전기승용,전남 광양시 전기승용 추경1차 1 추경1차 2 *일반: 출고등록순 *우선: - 500 (0) (0) (0) (500) 609 (166) (13) (14) (416) 293 (54) (5) (8) (226) 207 (0) (0) (0) (274) ※2026년 광양시 2차 공고 전기승용차 6월 26일 현재 접수 마감됐습니다.,마감,
전남,담양군,전기승용,전남 담양군 전기승용 본공고 1 추경1차 1 *일반: 출고등록순 *우선: 출고등록순 60 (6) (1) (3) (50) 157 (43) (7) (0) (107) 101 (25) (5) (0) (71) 0 (0) (0) (3) (0) ★★ 전기차 승용 상반기 추가 공고 마감되었습니다 ★ ★,마감,
전남,곡성군,전기승용,"전남 곡성군 전기승용 본공고 1 본공고 2 본공고 3 추경1차 1 추경1차 2 *일반: 출고등록순 *우선: 출고등록순 80 (23) (2) (0) (55) 96 (31) (2) (0) (63) 82 (28) (2) (0) (52) 0 (0) (0) (0) (3) ******************************** 현재(6.15. 09:00) 무공해차 통합누리집 시스템 문제로 인해 서류 검토가 불가능한 관계로, 시스템 문제가 해결되는대로 서류 검토 하도록 하겠습니다. ******************************** <2026년 곡성군 전기자동차 보급사업 2차 공고> ○ 사 업 량 : 10대(승용 10) ○ 접수기간 : 2026. 6. 15.(월) ~ 예산 소진 시 까지 ○ 지원금액 : 차량별 상이, 무공해차 통합누리집 참고(www.ev.or.kr) ○ 선정기준 : 차량 출고등록순 ○ 지원방법 - 각 자동차 제조사 지점 또는 대리점 전기차 구매 계약 - 자동차 판매자 : 무공해차 구매보조금 지원시스템에서 신청 ○ 주요사항 - 보조금을 지급받은 전기차 구매자는 「대기환경보전법」 시행규칙 제79조의4제1항에 따른 의무운행기간 준수 - 최초등록 사용본거지가 '곡성군'이 아닌경우 보조금 지급 불가 ※ 자세한 사항은 붙임의 공고문을 반드시 확인하여 주시기 바랍니다.",마감,
전남,구례군,전기승용,전남 구례군 전기승용 본공고 1 본공고 2 본공고 3 *일반: 출고등록순 *우선: 출고등록순 54 (6) (0) (3) (45) 53 (8) (0) (2) (43) 52 (8) (0) (2) (42) 2 (0) (0) (1) (3),확인필요,
전남,고흥군,전기승용,"전남 고흥군 전기승용 본공고 1 본공고 2 본공고 3 *일반: 출고등록순 *우선: 출고등록순 70 (7) (0) (3) (60) 84 (14) (2) (0) (68) 84 (14) (2) (0) (68) 0 (0) (0) (3) (0) 신청기간: 2026. 2. 3. ~ 예산 소진 시까지 사업예산: 국비 477,000천원/도비 238,500천원/군비 477,000천원 보급대수: 70대 지원자격 - 고흥군에 3개월 이상 거주한 만 18세 이상의 운전면허를 소지한 사람 ※ 고흥군 예산 조기 소진으로 인해 상반기 마감되었습니다.",마감,
전남,보성군,전기승용,전남 보성군 전기승용 본공고 1 본공고 2 *일반: 출고등록순 *우선: 출고등록순 20 (0) (0) (5) (15) 135 (38) (4) (2) (91) 103 (30) (4) (2) (67) 0 (0) (0) (3) (0) <2026년 2차분 공고> ★보성군 전기자동차(승용) 보급사업 공고★ ※전기승용 26.5.18. 11:42마감,마감,
전남,화순군,전기승용,전남 화순군 전기승용 본공고 1 추경1차 1 *일반: 출고등록순 *우선: 출고등록순 90 (0) (0) (0) (90) 125 (27) (9) (1) (88) 100 (19) (8) (0) (73) 0 (0) (0) (0) (17) < 2026년 화순군 전기승용차 보급사업 2차 공고 > **************화순군 승용 2차공고 접수 마감**************,마감,
전남,장흥군,전기승용,전남 장흥군 전기승용 본공고 1 추경1차 1 *일반: 접수순 *우선: 접수순 90 (0) (0) (2) (88) 111 (28) (4) (2) (77) 90 (25) (4) (1) (60) 0 (0) (0) (1) (28) ○ 2026년 전기자동차 보급사업 공고(2차) ★★신청마감★★,마감,
전남,강진군,전기승용,전남 강진군 전기승용 본공고 1 본공고 2 추경1차 1 추경1차 2 *일반: 출고등록순 *우선: 출고등록순 80 (0) (0) (2) (78) 83 (10) (3) (2) (68) 79 (10) (3) (2) (64) 1 (0) (0) (0) (14) <2차 공고> 마감되었습니다.,마감,
전남,해남군,전기승용,"전남 해남군 전기승용 본공고 1 *일반: 접수순 *우선: 접수순 497 (0) (0) (0) (497) 329 (87) (9) (5) (228) 305 (77) (9) (5) (214) 192 (0) (0) (0) (283) ○ 2026년 전기자동차 보급사업 공고 - 승용, 화물 예산 소진으로 접수 마감입니다. - 향후 추가 예산 확보되면 안내 드리겠습니다.",마감,
전남,영암군,전기승용,전남 영암군 전기승용 본공고 1 본공고 2 본공고 3 *일반: 출고등록순 *우선: 출고등록순 75 (7) (0) (0) (68) 77 (8) (5) (0) (64) 77 (8) (5) (0) (64) 0 (0) (0) (0) (4) 2026년2월26일 보조금 소진되어 상반기사업이 종료되었습니다 하반기 사업은 예산이 확보되면 8월말에서 9월초 공고 예정입니다,마감,
전남,무안군,전기승용,"전남 무안군 전기승용 본공고 1 본공고 2 추경1차 1 추경1차 2 *일반: 출고등록순 *우선: 출고등록순 100 (10) (0) (5) (85) 290 (56) (8) (9) (217) 161 (35) (5) (8) (113) 0 (0) (0) (0) (0) 26.5.27 상반기 승용 추가 물량 이상으로 신청건이 접수되어 마감되었습니다. ★ 6.2 승용,화물 대상자 선정 문자 전송 완료되었으며 문자를 못 받으신분은 대상자로 선정되지 않았음을 알려드립니다.★ ★★담당자 1명이 전기자동차(승용,화물),수소자동차 등 자동차보조금 관련 서류 검토를 하고 있습니다. ★★ ★★★통화량이 많을수록 업무처리가 지연되오니, 처리독촉 전화는 삼가해 주시길 부탁드립니다!!!!★★★ ★ 지원 가능 여부 확인 요청일(시간)을 준수하지 않은 경우, 첨부서류없이 확인요청하는 경우 자격 부여 단계로 조정 처리됨을 알려드립니다. ★ <2026년 무안군 상반기(추가) 전기자동차 보급사업> ○ 지원대수 - 전기승용차 : 100대(일반 85, 우선 10, 택시 5) - 전기화물차 : 20대(일반 17, 우선 2, 택배 1) ○ 접수기간 : 2026. 5. 27. ~ 예산소진시 까지 ○ 선정기준 : 자동차 출고·등록 순(보조금 지원가능확인 요청 순) - 지원 접수 순서와 상관없이 보조금 지원가능확인 요청 순으로 대상자 선정 - 확인 요청일이 같을 경우 접수순으로 선정 ○ 신청대상 : 신청 접수일 기준으로 90일 이전부터 연속적으로 무안군에 주소를 둔 자 ※ ’26 1. 2. 이후 계약분에 대해서만 보조금 지급 가능 ※ 시스템상의 잔여물량과 실제물량에 차이가 발생할 수 있음을 알려드립니다.※",마감,
전남,함평군,전기승용,전남 함평군 전기승용 본공고 1 *일반: 접수순 *우선: 접수순 158 (16) (0) (15) (127) 122 (27) (2) (0) (93) 119 (26) (2) (0) (91) 39 (0) (0) (15) (36),확인필요,
전남,영광군,전기승용,"전남 영광군 전기승용 본공고 1 본공고 2 *일반: 출고등록순 *우선: 출고등록순 92 (0) (0) (0) (92) 336 (79) (2) (1) (254) 286 (72) (2) (1) (211) 0 (0) (0) (0) (0) ★★★ 반드시 공고문 먼저 확인 부탁드립니다 ★★★ 담당자 한 명이 모든 업무(서류검토, 전화응대, 지출 등 현안업무)를 처리하고 있습니다. 통화연결이 어려울 수 있으니 양해부탁드리며, 단순 차종별 보조금 문의 및 처리 독촉성 전화는 통화량 증가로 인해 업무 처리에 지연을 초래할 수 있으니 삼가주시기를 부탁드립니다. 자격부여, 대상자 선정 요청, 금액확인을 위한 ********전화문의 자제************ 부탁드립니다. ---------------------------------------------------------------------------------------------- <지자체 차종별 보조금 확인 방법> ‘구매 및 지원’ 메뉴 > ‘무공해차 구매보조금 지원’ 메뉴 > ‘지자체 차종별 보조금’ 메뉴 클릭 > 전남 영광군 조회 ---------------------------------------------------------------------------------------------- <2026년 영광군 전기자동차(승용, 화물) 보급사업(하반기)> ○ 보급기간: 2026. 6. 8.(월) 09:00~ 예산 소진 시까지 ○ 보급대수: 승용 92대, 화물 27대 ○ 선정기준: 차량 출고·등록순 ○ 보급기준: (개인, 개인사업자) 세대당 1대/(법인) 1대 ※ 기타 자세한 사항은 첨부된 공고문 참조 ★주의사항★ 1. 자격부여는 대상자 선정된 것이 아니므로 출고 10일 전 지원가능 확인 요청 필수입니다. ※자격부여만 받고 ""대상자 선정"" 없이 출고 시 보조금 지급 불가합니다.※ 2. 전환지원금은 ""개인""만 해당됩니다(개인사업자, 법인 지급 불가) 3. 공고일 이후 구매지원신청일로부터 1개월 이내 발급된 서류만 인정합니다. 4. 계약서 상 계약일이 2026. 1. 2.이전인 경우 신청 불가능 5. 전기차 보조금 환수사항 구매자분께 충분히 안내바랍니다.",마감,
전남,장성군,전기승용,전남 장성군 전기승용 본공고 1 본공고 2 *일반: 출고등록순 *우선: 출고등록순 137 (23) (0) (4) (110) 166 (27) (9) (2) (128) 111 (20) (4) (1) (86) 26 (3) (0) (3) (24) 대상자 선정기준 예산 마감(26. 6. 24.),마감,
전남,완도군,전기승용,전남 완도군 전기승용 본공고 1 *일반: 출고등록순 *우선: 출고등록순 20 (0) (0) (0) (20) 41 (12) (0) (1) (28) 41 (12) (0) (1) (28) 0 (0) (0) (0) (0),확인필요,
전남,진도군,전기승용,"전남 진도군 전기승용 본공고 1 *일반: 출고등록순 *우선: 출고등록순 140 (7) (0) (0) (133) 88 (15) (1) (1) (71) 88 (15) (1) (1) (71) 52 (0) (0) (0) (62) ○ 2026년 상반기 전기자동차(승용,화물)보급사업 공고 ○ 1. 접수기간 : 2026. 2. 23.(월) ~ 상반기 예산소진시까지 2. 보급대수 : 상반기 보급대수 131대(보급 여건 등에 따라 변동될 수 있음) 가. 승용 98대(일반 86 / 우선 5 / 공공 7) 나. 화물 33대(일반 29 / 우선 1 / 공공 3) 3. 보급기준 : 개인 당 1대, 법인·기관 당 1대 4. 선정기준 : 차량 출고·등록순(보조금 지원가능 확인 요청일 순) 5. 지원대상 : 지원 신청일 기준으로 주민등록상 주소를 진도군에 연속하여3개월이상 둔 군민이면서 보조금 지원 대상 자동차를 군에 신규 등록한 자 6. 지원차량 : 무공해차 통합누리집(ev.or.kr), 붙임에서 확인 가능 7. 문의사항 : 진도군 환경수질과(☎061-540-3708)",마감,
전남,신안군,전기승용,"전남 신안군 전기승용 본공고 1 본공고 2 추경1차 1 추경1차 2 *일반: 접수순 *우선: 접수순 85 (7) (0) (3) (75) 91 (8) (1) (0) (82) 80 (7) (1) (0) (72) 5 (0) (0) (3) (3) 2026년 전기자동차 민간보급사업 공고(2차) 가. 보급대수 : 18대(일반 15대, 택시 3대) ※ 보급여건 및 예산범위 내에서 물량 변동가능 나. 신청기간 : 2026. 5. 27.(수). 9시~ 예산소진시까지 다. 신청방법 : 온라인신청(무공해차 구매보조금 지원시스템) 라. 신청대수 : 개인, 법인당 1대 마. 선정방법 : 신청기간 내 구매지원 신청서 접수순 선정",마감,
경북,포항시,전기승용,"경북 포항시 전기승용 추경1차 1 *일반: 출고등록순 *우선: 출고등록순 809 (105) (30) (93) (581) 1139 (350) (19) (93) (677) 946 (280) (16) (93) (557) 0 (0) (14) (0) (24) ★ 2026년 상반기(2차) 포항시 전기자동차 보급사업 ★ * 신청서류접수마감 ( 5/8일 금요일) 1. 사업내용 : 전기자동차 신규 등록 시 구매 보조금 지원 2. 사 업 량 : 450대 【 승용 350, 화물 100 】 ※ 보급대수는 예산 집행 사정에 따라 변경될 수 있음 3. 사업(접수)기간 : 2026. 5. 8.(금) 10:00 ~ 2026. 6. 12.(금) 18:00 - 예산 소진 시 조기마감 4. 대상차량 : 기후에너지환경부 보조금 승인 확정 차량 5. 지원금액 : 붙임 공고문 참조 6. 지원방법 : 차량 제작 판매사를 통한 구매계약, 보조금 지원 신청 (※ 기후에너지환경부 무공해차 구매보조금 지원시스템 이용)",마감,
경북,경주시,전기승용,"경북 경주시 전기승용 본공고 1 본공고 3 추경1차 2 추경1차 3 *일반: 출고등록순 *우선: 출고등록순 818 (122) (0) (60) (636) 811 (234) (25) (60) (492) 810 (233) (25) (60) (492) 8 (0) (0) (0) (144) -경주시 하반기사업 : 8월초 예정(정확한 접수일정은 공고문확인바랍니다.) 승용250대 화물90대 예정 - 2026년 상반기 추가사업 공고 - --------마감 ㅇ 접수기간 : 5월 18일 (월) 10:00 ~ 예산소진시 *5월 18일부터 신청서 검토 후 19일 저녁 일괄 자격부여 -> 20일 아침 9시부터 대상자선정요청 가능 - 신청서는 18일,19일 양일간 천천히 접수하시고, 20일 오전 9시에 대상자선정요청하실때 그때 빠르게 신청하시면됩니다 ㅇ 보급대수 : 승용250대, 화물50대 (상반기 보조금 지원단가를 기준으로 산정된 대수로, 실제보급대수와 차이 있을 수 있습니다.)",마감,
경북,김천시,전기승용,"경북 김천시 전기승용 본공고 1 추경1차 1 *일반: 출고등록순 *우선: 출고등록순 600 (0) (0) (0) (600) 559 (185) (11) (21) (342) 559 (185) (11) (21) (342) 41 (0) (0) (0) (258) ★★★ 2차 물량 ""승용, 화물"" 마감 ★★★ 하반기 추가공고는 미정입니다. (추경 후 8월 예상) ★기타 자세한 사항은 공고문 확인 ★전환지원금 관련 서류(""보조금지급신청""시 까지 제출) [공통]자동차등록원부(갑부) (수출말소·폐차) 자동차말소사실증명서 (매도) 자동차양도증명서, 가족관계증명서 ★★★순차적으로 처리하오니 원활한 진행을 위해 처리독촉 전화 자제 부탁드립니다",마감,
경북,안동시,전기승용,"경북 안동시 전기승용 추경2차 1 추경2차 2 추경2차 3 *일반: 출고등록순 *우선: 출고등록순 1020 (32) (0) (3) (985) 581 (190) (5) (12) (374) 550 (180) (5) (11) (354) 470 (0) (0) (0) (631) ★ 2026년 안동시 전기자동차 보급사업(3차) ★ ○ 신청기간 : 2026. 7. 3.(금) 10:00 ~ * 예산 소진 시 조기 마감 ○ 보급대수 : 승용 400대, 화물 30대, (소형 기준)승합 12대 * 예산 범위 내 변동 가능 ○ 기타 자세한 내용은 공고문 참조(1번 PDF, 2번 한글, 3번 보조금) - 대상자 선정 전 차량 출고(등록) 시 보조금 지급 불가 - 전환지원금 대상 차량의 처분은 보조금 지급 신청 전까지 완료 - 제조, 판매사는 신청에 관련된 모든 사항을 정확히 입력 - 원활한 업무 처리를 위해 접수일 전화 문의 자제 - 서류는 이번 공고문 기준으로 작성(아닐 시 보완 처리) - 7월 3일 당일 출고는 불가하니 참고하시기를 바랍니다",마감,
경북,구미시,전기승용,"경북 구미시 전기승용 추경1차 1 추경1차 2 추경1차 3 *일반: 출고등록순 *우선: 출고등록순 1041 (105) (0) (23) (913) 1387 (475) (25) (51) (836) 1048 (357) (19) (42) (630) 0 (0) (0) (0) (283) ★ 구미시 1, 2차 승용, 화물 접수 마감 ★ 무공해차 통합누리집 출고잔여대수와 실제 잔여대수는 일치하지 않습니다. ★ 2차 공고는 조기마감이 예상되므로 10일 이내 출고가능한 차량은 신청당일 접수해주시고, 서류 검토 및 자격부여 후 6월 8일(월) 오전 9시부터 지원가능요청 순서대로 예산범위 내에서 대상자 선정 예정 ★ 신청서류 미비로 인한 보완요청 시 검토 순번이 후순위로 밀릴 수 있으니 대리점에서는 접수 시 누락된 서류 및 오기재가 없는지 필히 확인하여 주시기 바랍니다. - 모든 서류 신청일 기준 30일 이내 발급분에 한해 인정되며, 신청서 및 첨부서류 일체를 하나의 PDF파일로 제출 ★ 전환지원금, 경유화물차 보유자 성능보조금 차감에 따른 지방비 금액 등은 시스템상 자동계산된 금액으로 반영 예정 ※ 구미시 전기자동차 보급사업 2차 공고 - 보급대수 : 530대(승용 450, 화물 74, 승합 6) - 신청기간 : 2026. 6. 5.(금) 10:00 ~ 8. 31.(월) - 신청방법 : 전기자동차 제작수입사를 통해 신청",마감,
경북,영주시,전기승용,"경북 영주시 전기승용 본공고 1 *일반: 출고등록순 *우선: 출고등록순 470 (47) (0) (23) (400) 467 (152) (7) (11) (297) 429 (142) (6) (8) (273) 41 (0) (0) (15) (127) <2026년 전기자동차 구매지원 사업 2차 공고> 1. 접수기간 : 2026. 5. 19.(화) 14:00 ~ 예산소진 시까지 2. 2차 보급대수 : 404대(승용300대, 화물100대, 개인승합 4대) ※ 지원 차종 및 국비 추가 지원 등 예산소진 현황에 따라 총 보급물량은 변동 가능 --------------------------------------------------------------------------------------------- 2026.5.27. 13:00 기준 승용 일반 마감되었습니다. 현재 택시만 받고있습니다. 추후 선정자 중 취소차량 발생시 지원가능확인순서대로 선정할 예정입니다. --------------------------------------------------------------------------------------------- 3. 신청대상 및 자격조건 - 영주시에 3개월 이상 연속하여 주소를 둔 만 18세 이상의 개인 또는 개인사업자 - 영주시 내 위치한 법인, 단체 및 기관 4.대상자 선정 : 출고등록순 5. 문 의 처 : 영주시청 환경보호과 (☎ 054-639-6757) ※ 기타 자세한 내용은 공고문(붙임 파일) 확인바랍니다. ※ 시스템 접수 순으로 서류검토 중입니다. 독촉여부와 상관없이 접수된 순서대로 처리하오니 이 점 참고바랍니다. ※ 지원가능확인요청 순으로 예산범위 내에서 대상자로 확정되며 대리점에서 지원가능확인요청을 누른 시점을 기준으로 순서가 결정됩니다. ★★★★★★★★ 공고문 반드시 확인하시기 바라며, 변경된 지원신청 서류를 확인하시기 바랍니다.★★★★★★★★★",마감,
경북,영천시,전기승용,"경북 영천시 전기승용 본공고 1 본공고 2 본공고 3 *일반: 출고등록순 *우선: 출고등록순 300 (46) (0) (14) (240) 216 (63) (6) (4) (143) 167 (48) (5) (4) (110) 133 (0) (0) (10) (130) ←통합누리집의 잔여대수와 실제 잔여대수 차이 있을 수 있음. ★ (상반기)승용 일반, 우선순위 마감 (택시 잔여대수 - 대) ★ 차종별 단가 및 추가지원금 적용 여부에 따라 실제 지원 대수는 변동될 수 있음 ㅇ 상반기 보급대수 : 승용 150대, 화물 75대, 승합 5대 ㅇ 2차 보급대수 : 승용 150대, 화물 75대, 승합 5대 ※ 보급대수는 보급여건 및 예산범위 내에서 변동될 수 있으며 전기이륜은 별도 공고",마감,
경북,상주시,전기승용,"경북 상주시 전기승용 본공고 1 본공고 2 *일반: 출고등록순 *우선: 출고등록순 600 (0) (0) (0) (600) 349 (103) (9) (2) (235) 328 (97) (8) (2) (221) 272 (0) (0) (0) (379) 승용, 화물 1차 ,2차 마감 3차 사업은 미정(만약 할 예정이면 공고) 마감, 3차 사업 문의 하지 말아주세요(전화가 너무 많이 옵니다)",마감,
경북,문경시,전기승용,"경북 문경시 전기승용 본공고 1 본공고 2 본공고 3 *일반: 출고등록순 *우선: 출고등록순 250 (10) (0) (15) (225) 189 (54) (2) (3) (130) 178 (52) (2) (3) (121) 72 (0) (0) (12) (104) 승용, 화물 마감",마감,
경북,경산시,전기승용,"경북 경산시 전기승용 본공고 1 본공고 2 본공고 3 *일반: 출고등록순 *우선: 출고등록순 700 (70) (0) (35) (595) 479 (138) (11) (16) (314) 465 (132) (11) (16) (306) 235 (0) (0) (19) (289) 1. 접수기간 : 2026. 02. 03.(화) 10:00~ 예산 소진시까지 2. 사 업 량(상반기) : 승용 700대, 화물 140대, 버스 5대, 어린이버스2대 **2026년도 상반기 전기승용, 화물 신청마감되었습니다. 7월 중에 하반기 공고예정입니다** 첨부파일1) 상반기 공고문 첨부파일2) 차종별 지원금 및 전환지원금 첨부파일3)자동차양도증명서 (자동차매매업자 거래용) 첨부파일4)자동차양도증명서 (양도인 양수인 직접 거래용)",마감,
경북,의성군,전기승용,"경북 의성군 전기승용 본공고 1 본공고 2 추경1차 1 *일반: 출고등록순 *우선: 출고등록순 250 (24) (0) (12) (214) 142 (44) (3) (0) (95) 135 (42) (2) (0) (91) 115 (0) (0) (12) (123) ※ 2차 접수 마감되었습니다. 9월 1,2주 3차접수 예정(단가기준 100대) 잔여물량, 추가접수 등에 대한 유선 문의 자제 부탁드립니다. 단순 민원(접수확인, 추가보조금금액 문의 등)은 공고문 및 통합누리집을 참고해주시기 바랍니다.",마감,
경북,청송군,전기승용,"경북 청송군 전기승용 본공고 1 본공고 2 본공고 3 추경1차 1 *일반: 출고등록순 *우선: 출고등록순 150 (10) (0) (10) (130) 91 (29) (1) (1) (60) 88 (28) (0) (1) (59) 62 (0) (0) (9) (71) *차종별 보조금액은 무공해차 통합관리시스템에서 확인 -무공해차 통합누리집-구매 및 지원- 구매보조금 지금현황- 세부차종 선택(전기승용/전기화물/전기승합)-조회- 지자체 차종별 보조금 선택- 청송군 찾아서 '조회' *차종별 보조금의 차이, 국비 추가 보조금 지원여부, 국비 교부 상황등에 따라 실제 보급대수는 변동 될 수 있음. ※ 민원전화로 인해 업무처리가 지연될 수 있습니다. 처리독촉전화 자제 부탁드립니다. ※ 당일 접수 후 출고는 여건에 따라 불가능할 수 있으므로 반드시 출고 1일전 접수 바랍니다.",확인필요,
경북,영양군,전기승용,경북 영양군 전기승용 본공고 1 본공고 2 *일반: 접수순 *우선: 접수순 49 (10) (0) (10) (29) 55 (13) (0) (0) (42) 46 (11) (0) (0) (35) 3 (0) (0) (10) (0),확인필요,
경북,영덕군,전기승용,"경북 영덕군 전기승용 본공고 1 추경1차 1 *일반: 출고등록순 *우선: 출고등록순 180 (18) (0) (9) (153) 113 (25) (2) (1) (85) 63 (16) (0) (0) (47) 117 (2) (0) (9) (106) <2026년 영덕군 전기자동차 구매지원 사업 공고> ***승용, 화물 1차 접수 마감*** ★★ 추가 공고 일정: 6/12(금) / 승용 100대, 화물 60대 ★★ ※ 신청(접수)기간: 6/18(목) 10:00 ~ 12/4(금) (예산 소진 시 사업 종료) *(2차) 신청번호 : 승용 69번부터 시작 / 화물 16번부터 시작 ** (2차) 신청 기준 잔여 대수: 승용 7대/ 화물 9대 (변동 가능) 6/26 기준 ☆담당자 1명이 전기자동차 보조금 등 업무를 맡고 있습니다. 양해 부탁드립니다. ◀왼쪽의 잔여대수와 실 잔여대수는 다릅니다.",마감,
경북,청도군,전기승용,"경북 청도군 전기승용 본공고 1 추경1차 1 추경2차 1 추경2차 2 추경2차 3 *일반: 출고등록순 *우선: 출고등록순 200 (12) (0) (6) (182) 130 (31) (2) (1) (96) 122 (28) (2) (1) (91) 78 (0) (0) (5) (91) <2026년 전기자동차 보급지원 사업 3차 공고> ○ 접수기간 : 26. 7. 2.(목) 09:00 ~ 예산 소진시까지 ○ 자격부여 : 26. 7. 2.(목) ~ ○ 지원가능 확인요청(승용): 26. 7. 6.(월) 10:00 ~ ○ 지원가능 확인요청(화물): 26. 7. 6.(월) 11:00 ~ ○ 지원가능 확인요청(승합): 26. 7. 6.(월) 11:00 ~ -3차 보급대수 : 202대(승용140대, 화물60대,승합2대) ※ 보급대수는 예산편성 단가기준 수량이며, 신청 차종에 따라 보조금이 상이하므로 실제 물량은 공고문 확인 요망. - 선정기준 : 차량 출고 등록순(지원가능여부요청순) ※ 자격부여는 대상자 확정이 아니며, 지원가능여부 요청순에 따라 대상자 확정 진행합니다. - 자격부여 및 대상자 선정 후 문자통보 없음, 시스템 직접 확인 요망 - 스타리아(승용, 화물, 승합) 보조금 반영 / 스타리아-""승합""은 ""개인""만 가능합니다. - 문 의 처 : 청도군청 환경산림과 (☎ 054-370-2185)",마감,
경북,고령군,전기승용,"경북 고령군 전기승용 본공고 1 본공고 2 *일반: 출고등록순 *우선: 출고등록순 180 (0) (0) (0) (180) 101 (24) (6) (0) (71) 87 (21) (6) (0) (60) 93 (0) (0) (0) (120) [2026년 고령군 전기자동차 상반기 2차 보급사업] -신청기간: 2026. 5. 27.(수) 10:00 - 2026. 6. 30.(화) 18:00 ※예산 소진시 조기 마감 -지원대수: 70대(승용50대, 화물20대) -대상자 선정: 출고·등록 순 -지원대상: 신청서 접수일 기준 고령군에 60일 이상 연속하여 거주하거나 고령군에 60일 이상 사무소를 두고 사업자 등록을 한 자로서 관련 요건을 충족한 자(자세한 요건 공고문 참조) - 기타 자세한사항은 공고문을 참조하시기 바랍니다. ※ 공고문 및 차종별 지원금 확인 경로 :고령군청 홈페이지 > 대가야고령 > 고령알리미 > 고시/공고 ◀◀왼쪽의 잔여대수와 실잔여대수는 다릅니다. ------------------------------------------------------------------------------------------------------ 고령군 상반기2차 민간보급사업 승용 26.06.08. 11:06 / 화물 26.05.28. 16:00 마감했습니다. ------------------------------------------------------------------------------------------------------",마감,
경북,성주군,전기승용,"경북 성주군 전기승용 본공고 1 본공고 2 본공고 3 추경1차 1 추경1차 2 추경1차 3 *일반: 출고등록순 *우선: 출고등록순 189 (40) (0) (3) (146) 192 (56) (11) (0) (125) 181 (54) (11) (0) (116) 8 (0) (0) (3) (30) ★ 전기승용(보조예산금액으로 산정함) 하반기 접수(신청) 받습니다. 2026. 5. 11(월) 09:00부터 지원접수 순서가 아닌 차량 출고등록순으로 대상자 선정됨을 알려드리며, 동일일자일 경우, 지원가능 확인 요청순으로 대상자 선정 예정임을 알려드립니다. ★ 검토 및 대상자 선정을 순차적으로 처리되오니, 원활한 업무처리를 위해 단순 접수 알림, 처리 독촉 문의는 자체 부탁드립니다. [2026년 하반기 성주군 전기자동차 보급사업 안내] ○ 접수기간 : 2026. 5. 11.(월) 09:00 ~ 12. 10.(목) 18:00 ※ 보급대수는 보조금 차등 지원 및 구매 수요에 따라 변동, 예산소진시 보급대수와 관계없이 신청(접수) 마감 ○ 지원대수 : 승용 90대[55대), 화물 58대{50대), 승합 2대 ※ 차종별 차등 지원으로 예산범위 내 보급대수는 조정될 수 있음. **[ }은 보조금 차등 지원에 따른 실제 보급 예상대수(**변동될 수 있음.) ★ 전환지원금은 ""개인""만 신청 가능하며, 신청단계에서 전환지원금 여부 선택 후 지급 신청 전까지 판매 및 폐차 관련 서류 제출 - 전환지원금 관련 서류(""보조금지급신청""시 까지 제출) (공 통) 자동차등록원부(갑부) (수출말소·폐차) 자동차말소사실증명서 - 계약서에 출고예정일 필히 기재 - 지원가능확인 요청 단계에서 차량 배정 내역 등 출고예정증빙 자료 첨부 - 대상자 선정 전 차량 출고(등록) 시 보조금 지급 불가 - 전환지원금 대상 차량의 처분은 차량등록일로부터 10일 이내 완료(지급 신청 전) - 제조, 판매사는 신청에 관련된 모든 사항을 정확히 입력 ★ 기타 자세한 사항은 공고문 확인",마감,
경북,칠곡군,전기승용,"경북 칠곡군 전기승용 추경2차 1 추경2차 2 추경2차 3 *일반: 출고등록순 *우선: 출고등록순 396 (41) (0) (21) (334) 257 (54) (20) (14) (169) 255 (52) (20) (14) (169) 141 (0) (0) (7) (165) ◎ 칠곡군 전기자동차 보급사업(3차) 1. 신청기간 - 서류접수: 7. 1.(수) ★서류접수는 천천히 하셔도 됩니다. 지원가능 확인요청 순으로 선정됩니다. - 자격부여: 7. 2.(목) ~ 7. 3. (금) - 지원가능 확인요청(승용): 7. 6.(월) 09:00 ~ - 지원가능 확인요청(화물): 7. 7.(화) 09:00 ~ 2. 보급대수: 승용 40대, 화물 10대, 승합 5대 정도 ※ 자세한 내용은 공고문 참고 ○ 지원가능확인요청 순으로 예산범위 내에서 대상자 확정 ○ 보급대수는 예산편성 단가기준 수량이며, 신청 차종에 따라 보조금이 상이하므로 실제 물량은 공고 물량과 다를 수 있음 ○ 보급여건 및 예산증감에 따라 보급대수 변동가능 ○ 문의처: 054-979-6757",확인필요,
경북,예천군,전기승용,"경북 예천군 전기승용 본공고 1 *일반: 출고등록순 *우선: 출고등록순 100 (10) (5) (5) (80) 193 (71) (6) (0) (116) 117 (42) (3) (0) (72) 0 (0) (2) (5) (8) 예천군은 현재 예산이 없는 상태이며, 9월 추경을 통해 지원 가능한 예산 범위를 파악할 수 있을 예정입니다. 전기자동차 보급사업 지원 신청은 6월 30일까지 가능합니다.",확인필요,
경북,봉화군,전기승용,경북 봉화군 전기승용 본공고 1 본공고 2 *일반: 출고등록순 *우선: 출고등록순 110 (17) (0) (0) (93) 113 (34) (0) (1) (78) 86 (27) (0) (1) (58) 24 (0) (0) (0) (35),확인필요,
경북,울진군,전기승용,경북 울진군 전기승용 본공고 1 본공고 2 *일반: 출고등록순 *우선: 출고등록순 187 (20) (0) (10) (157) 178 (56) (3) (2) (117) 156 (53) (3) (2) (98) 31 (0) (0) (8) (59),확인필요,
경북,울릉군,전기승용,"경북 울릉군 전기승용 본공고 1 본공고 2 *일반: 접수순(초과시 출고등록순) *우선: 접수순(초과시 출고등록순) 101 (0) (0) (13) (88) 100 (14) (1) (13) (72) 97 (14) (1) (13) (69) 4 (0) (0) (0) (19) 사업기간 : 2026. 2. 9.(월) 09:00 ~ 6.30.(화) 18:00/예산 소진 시 조기마감 사 업 량 : 총 140대 - 전기승용 130대(일반 110대, 우선순위 7대, 택시 13대) - 전기화물 10대(일반 7대, 택배 1대, 우선순위 1대, 중소기업 1대) 보 조 금 : 승용 1,872만원(최대), 화물 2,968만원(최대) ※ 전기이륜차는 지침 확정 후 별도 공고 예정 문 의 처 : 울릉군 환경위생과(054-790-6183)",마감,
경남,창원시,전기승용,경남 창원시 전기승용 본공고 1 본공고 2 추경1차 1 추경1차 2 추경1차 3 *일반: 출고등록순 *우선: 출고등록순 2500 (240) (0) (120) (2140) 2572 (244) (37) (121) (2170) 2294 (242) (32) (117) (1903) 206 (0) (0) (3) (237) ★ 2차모집 접수 마감되었습니다( 추가 공고 및 계획 등 관련 문의는 8월 말~ 9월초에 해주시기 바랍니다.) ◀ 왼쪽의 잔여대수와 실제 잔여대수는 차이가 있습니다. 대상자 선정은 출고가 빠른 순으로 진행되며 잔여대수 확인 전화는 자제 부탁드립니다!!!,마감,
경남,진주시,전기승용,경남 진주시 전기승용 본공고 1 본공고 2 *일반: 출고등록순 *우선: 출고등록순 650 (65) (0) (25) (560) 721 (244) (8) (41) (428) 688 (235) (8) (38) (407) 0 (0) (0) (0) (153) ◀◀왼쪽의 잔여대수와 실 잔여대수는 다릅니다 ◀◀◀◀진주시 전기승용 2차분까지 마감되었습니다 ※ 3차일정은 8월중에 문의바랍니다,마감,
경남,통영시,전기승용,"경남 통영시 전기승용 본공고 1 본공고 2 추경1차 1 추경1차 2 *일반: 출고등록순 *우선: 출고등록순 260 (14) (0) (14) (232) 299 (98) (4) (28) (169) 252 (81) (3) (28) (140) 8 (0) (0) (0) (92) 전기승용 접수 마감 전기화물 접수 마감 ◀◀◀왼쪽의 잔여대수와 실 잔여대수는 다릅니다. ※3차공고 시기, 차종별 물량은 현재 정해지지 않았으며 시 재정상황 등을 고려하여 공고여부가 하반기 결정될 예정이니 참고하시기 바랍니다. [통영시 전기자동차 보급사업 시행 공고(2차)] ○ 신청기간 : 2026. 5. 11.(월) ~ 예산 소진 시까지 - (전기승용): 2026. 5. 11.(월) 14:00 접수 시작 - (전기화물): 2026. 5. 11.(월) 10:00 접수 시작 ※접수일 당일 신청자가 많을 경우 당일 대상자 선정 및 출고 불가할 수 있으니 독촉 전화는 삼가해 주시기 바랍니다. ※ 예산 소진 시 조기 마감될 수 있습니다. ○ 보급대수 : 120대 - (전기승용) 110대(일반 98, 우선순위 6, 택시 6) - (전기화물) 10대(일반 10) ※보조금 차종별 차등지원에 따라 예산 범위 내 보급되며, 보급대수는 변동될 수 있음 ○ 대상자선정 : 출고등록순 ○ 신청방법 : 전기자동차 제작수입사(대리점 등)를 통해 신청 ○ 문 의 처 : 통영시 기후대기팀(☎055-650-5470) ○ 기타사항 : [붙임] 공고문 참고 ※기타 자세한 사항은 붙임의 공고문을 확인하여 주시기 바랍니다. ★★공고문 확인 먼저 부탁드립니다.★★ ★★담당자 1명이 전기자동차(승용,화물)서류 검토를 하고 있습니다. 통화량이 많을수록 업무처리가 지연되오니, 단순 차종별 보조금액 문의 및 처리독촉 전화는 삼가해 주시기 바랍니다.★★ ※시스템 접수 순으로 검토합니다. 단순 독촉 전화는 업무가 지연되오니 삼가해 주시기 바랍니다.※ ※지원가능확인요청 순으로 예산범위 내에서 대상자로 확정되며 대리점에서 지원가능확인요청을 누른 시점(시:분:초 단위로 모두 기록됨)을 기준으로 순서가 결정됩니다. ★주의사항★ 1. 자격부여는 대상자 선정된 것이 아니므로 출고 10일 전 지원가능 확인 요청 필수입니다. ※※자격부여만 받고 ""대상자 선정"" 없이 출고 시 보조금 지급 불가합니다.※※ 2. 전산상 잔여대수와 실제 잔여대수는 다릅니다. 3. 반든시 공고문 내 붙임 서식으로 접수해 주시기를 바랍니다. 4. 지원신청 및 지급신청 시 첨부파일은 1개의 PDF 파일로 저장하여 제출하시기를 바랍니다.",마감,
경남,사천시,전기승용,"경남 사천시 전기승용 본공고 1 본공고 2 *일반: 출고등록순 *우선: 출고등록순 308 (37) (0) (19) (252) 302 (68) (9) (19) (206) 256 (61) (9) (19) (167) 52 (0) (0) (0) (85) ★ 6.26. 14:20 승용 29대 / 화물 18대 대상자선정 가능 ★ ★ 자격부여는 대상자선정이 아닙니다 ★ ◀ 왼쪽의 잔여대수와 실 잔여대수는 다릅니다. ▶ 2026년 사천시 전기자동차 보급사업(2차) 공고 ◀ 1. 보급대수: 189대(승용 120대, 화물50대, 승합 5대, 이륜 14대) ※보조금 차종별 차등지원에 따라 예산 범위 내 보급되며, 보급대수는 변동될 수 있음 2. 신청기간: 2026.5.15.(금) 10:00 ~ 예산 소진 시까지 3. 신청방법: 제조·판매사에서 저공해차 구매보조금지원시스템 신청 4. 대상자선정: 출고·등록순 5. 지원금액: 차종별 차등 지원, 붙임파일 참고 6. 문의처: 사천시 환경보호과 기후대기팀(☎055-831-2769) **민원전화 폭주로 업무처리가 지연됨에 따라 공고문 먼저 확인하시고 단순 접수 알림, 지원금액 문의, 처리 독촉 전화는 자제해주세요** ★주의사항★ 1. 자격부여만 받고 ""대상자 선정"" 없이 출고 시 보조금 지급 불가 2. 반드시 2026년도 공고문 내 붙임 서식으로 접수 (2025년도 양식으로 신청시 반려) 3. 전환지원금 관련하여 기존 차량 폐차, 판매는 지급신청 전까지 반드시 완료 4. 지원신청 및 지급신청 시 첨부파일은 1개의 pdf 파일로 저장하여 제출 접수 상황에 따라 당일 대상자 승인 및 출고 불가능할 수 있으니 미리 신청하시고 독촉 전화 삼가하여 주십시오.",마감,
경남,김해시,전기승용,"경남 김해시 전기승용 본공고 1 본공고 2 추경1차 1 추경1차 2 추경2차 1 추경2차 2 *일반: 출고등록순 *우선: 출고등록순 1245 (125) (0) (68) (1052) 1219 (171) (44) (45) (959) 1198 (169) (44) (45) (940) 47 (0) (0) (23) (112) ★★2026년도부터 차량 최초등록 이후 2년이내 김해시 외의 지역으로 매매시 회수요율에 따라 보조금(시비) 회수[최대 70%]되오니 유의하시기 바랍니다★★ ★★★★ 공고마감 ★★★★ 26. 5. 18. 15:55 접수마감했습니다 * (구)버전 아닌 신규 버전으로 입력바랍니다 이후 7월 공고예정입니다. ------------------------------------------------------------------------------------- 1차 공고: 1/26 ~ 접수: 1/28 ~4/6 ★2026년 김해시 전기자동차(승용)보급사업 공고 - 지원대수 : 1000대 ※ 자세한 내용은 김해시 공고문 참조바랍니다. ※ 반드시 공고문 숙지 후 신청바랍니다. 통화량이 많아 통화가 어려울 수 있습니다. ★ 주의사항 1. 출고기한이 만료된 기신청자는 지원신청서 재접수하여야 함 2. 전기차 보조금 지원대상자로 선정되었으나, 보조금 지급 청구기간 미도래로 보조금 미청구시 출고물량으로 확인 안됨 3. 잔여물량은 단순 참고용이며 실 잔여물량이 아님 4. 보급대수는 보급여건 및 예산범위 내에서 변동될 수 있음",마감,
경남,밀양시,전기승용,"경남 밀양시 전기승용 본공고 1 추경1차 1 *일반: 출고등록순 *우선: 출고등록순 499 (50) (0) (25) (424) 278 (26) (8) (14) (230) 247 (26) (8) (14) (199) 252 (24) (0) (11) (225) ◀◀왼쪽의 잔여대수와 실잔여대수는 다릅니다. ** 업무처리가 지연됨에 따라 처리 독촉 및 접수 알림 전화는 자제 부탁드립니다. 신청 건은 접수 순서에 따라 순차적으로 처리되며, 담당자 1명이 모든 서류를 처리하고 있어 행사 지원 등으로 자리를 비우는 경우 당일 처리가 어려울 수 있습니다. 긴급한 건은 최소 하루 전까지 신청하여 주시기 바랍니다.** *** 공고문 9p의 ‘전기자동차 구매지원 신청 관련 유의사항’을 숙지하지 않아 발생하는 모든 불이익 및 책임은 구매자 및 신청자에게 있으며, 밀양시는 이에 대한 책임을 지지 않으니 필히 확인하시고 신청해주시기 바랍니다. ★신청시 유의사항★ ① 지원신청 및 지급신청 시 반드시 공고문에 포함되어 있는 서식을 참고하시어 모든 서류 일괄 스캔하여 1개로 첨부 바랍니다. ※ 작년 대비 지침 변경 사항이 있으니, 반드시 공고문을 확인하시기 바랍니다. ② 전환지원금은 ""개인""만 가능합니다.(개인사업자, 법인 불가) ③ 차종별로 보조금이 상이하므로 실 잔여 대수는 표기된 바와 다를 수 있습니다. ※ 보급대수는 예산편성 1대 기준단가로 계산된 수량이며, 신청 차종에 따라 보조금이 상이하므로 실제 보급물량은 공고 물량과 다를 수 있음. <2026년도 상반기 전기자동차(승용) 보급사업 공고 2차> 1. 신청기간: 2026. 4. 16.(목) ~ 예산 소진 시 조기 마감 2. 사업량: 승용 200대 (상반기 공고 잔여대수 포함 대수임) 3. 선정기준: 차량 출고등록순 4. 차종별 지원금액: 무공해차 통합관리시스템 > 구매보조금 지급현황 > 차종별 보조금> 밀양시 조회",마감,
경남,거제시,전기승용,"경남 거제시 전기승용 본공고 1 본공고 2 추경1차 1 추경1차 2 *일반: 출고등록순 *우선: 출고등록순 1500 (150) (3) (76) (1271) 915 (298) (14) (51) (552) 791 (261) (12) (48) (470) 709 (0) (0) (28) (801) * 신청기간(하반기) - 화물 : 2026. 6. 2.(화) 11:00 ~ 2026. 12. 4.(금)(예산소진 시 조기종료) - 승용 : 2026. 6. 4.(목) 11:00 ~ 2026. 12. 4.(금)(예산소진 시 조기종료) * 보급대수 : 승용 450대, 화물 45대 * 선정방법 - 승용, 화물 : (자격부여) 신청서 접수 순 / (대상자 선정) 출고·등록 순(지원가능확인 요청 순) 승용 - 2026. 6. 26. 현재 일반 110대, 택시 1대 정도 선정 가능합니다(기후부 교부대수 기준아니고, 예산잔액에 따른 실 잔여대수임) 2026. 6. 15. 자로 화물 마감되었습니다. 다음 공고는 9월초 전후가 될 것 같습니다. 감사합니다 신청 후 자격부여만 받고 지원가능확인 요청하지 않은 차량은 미포함 수치이니, 조속히 지원가능 확인요청 하셔서 보조금 대상자 선정 받으시길 바랍니다. 2026. 6.2. 현재 ""스타리아"" 승용, 화물, 승합 입력 완료 2026. 6.2. 현재 ""스타리아""승합은 올해 지침상 ""개인""구매에 대해서만 지자체에 신청 가능하십니다. 법인 및 개인사업자는 환경공단 공모사업에 직접 신청하셔야 합니다. 개인사업자나 법인으로 신청시 반려됩니다. 구매지원신청서에 차종명은 무공해차 통합누리집상 차종명과 일치시켜 올려주시기 바랍니다。 생애최초 추가보조금 서류 꼭 ""전국기준"", ""전연령(태어난 해 ~ 현재)""기준 지방세 세목별 과세증명서 증 자동차세 미과세 증명서 제출하셔야 합니다.",마감,
경남,양산시,전기승용,"경남 양산시 전기승용 추경1차 1 추경1차 2 추경1차 3 *일반: 출고등록순 *우선: 출고등록순 755 (38) (0) (38) (679) 948 (329) (9) (31) (579) 893 (307) (9) (28) (549) 0 (0) (0) (10) (130) <2026년 양산시 전기자동차 민간보급사업 안내> ◀ 왼쪽 표의 잔여대수는 실 잔여대수와 다릅니다. * 26.6.26.(금) 기준 잔여물량: (승용) 일반 (우선순위 포함) 마감, 택시 4대, (화물) 마감 ▷ 대상자승인 기준 잔여 물량입니다. (★자격부여를 받았다 하더라도 대상자승인이 된 것이 아닙니다★) ※ 2차 공고 마감 이후, 연내 추가 공고(3차) 추진 예정입니다. 세부 일정(대략적인 지원 가능 물량 포함)은 추후 다시 안내드리겠습니다. 담당자 의견으로는 8월 말 9월 초로 ""예상""되며, 예산 추가 확보 시점에 따라 공고 일정이 변동될 수 있습니다. 다소 답답하시더라도 기다려주시기 바라며, 사업에 관심 가져주시는 분들께 감사드립니다. ※ 현재 친환경차(전기, 수소) 보급 업무 전반(민원 응대, 서류 검토, 보조금 지급 등)을 병행하여 처리하고 있으며, 신청서 검토 과정에서 구비서류 누락, 인적사항 오기재, 제작사 정보 미기재 등으로 보완 요청이 발생하는 사례가 다수 확인되어 검토가 지연되는 상황입니다. ※ 서류 보완 요청 건은 제작사(대리점)의 보완 완료 후 재검토가 진행되므로, 해당 건의 검토 순서는 지연됩니다. 따라서, 서류를 충분히 확인 후 제출하시기 바랍니다. ※ 빠른 검토를 위해 최선을 다하고 있으며, 대상자 선정 또한 순차적으로 진행되고 있으니 기다려 주시면 감사하겠습니다. (구매자의 경우, 본인 신청 건의 접수 진행상황은 담당 대리점에 확인 부탁드립니다!) *** 자주 하시는 질문 Q) 26년 2차 공고 접수번호는 몇 번부터 시작인가요? A) 승용 751번~, 화물 126번~ 입니다. Q) 개인사업자(법인)도 전환지원금 신청 가능한가요? A) 아니오, ""개인""만 신청 가능합니다. Q)개인사업자의 신청의 경우, 주민등록 주소지는 ""양산"", 사업자소재지는 양산 外 지역의 경우 신청 가능한가요? A) 예. 신청가능합니다. (반대의 경우는 불가합니다.) ★ 주의사항 ★ 1. 자격부여는 대상자 선정이 아니므로, 출고 전 반드시 지원 가능 여부를 확인하시기 바랍니다. 2. 자격부여 후 “대상자 선정” 없이 출고 시 보조금 지급 불가 3. 반드시 공고문 내 붙임 서식으로 접수하여 주시기 바랍니다. 4. 전산상 잔여대수와 실제 잔여대수는 차이가 있을 수 있습니다. 5. 지원신청 및 지급신청 시 첨부파일은 1개의 PDF 파일로 저장하여 제출하여 주시기 바랍니다. 6. 탄소중립포인트(에너지) 가입확인서 제출은 필수사항입니다. ※ 녹색생활실천/자동차 분야 가입확인서는 인정 불가",마감,
경남,의령군,전기승용,경남 의령군 전기승용 본공고 1 *일반: 접수순 *우선: 접수순 70 (0) (0) (0) (70) 63 (14) (0) (0) (49) 60 (12) (0) (0) (48) 10 (0) (0) (0) (22),확인필요,
경남,함안군,전기승용,경남 함안군 전기승용 본공고 1 *일반: 출고등록순 *우선: 출고등록순 148 (15) (0) (0) (133) 116 (15) (7) (5) (89) 109 (15) (7) (5) (82) 39 (0) (0) (0) (51) 함안군 예산 소진으로 인하여 더 이상 접수 불가함을 알려드립니다.,마감,
경남,창녕군,전기승용,"경남 창녕군 전기승용 본공고 1 본공고 2 추경1차 1 추경1차 2 *일반: 출고등록순 *우선: 출고등록순 190 (0) (0) (0) (190) 158 (39) (0) (1) (118) 137 (35) (0) (1) (101) 53 (0) (0) (0) (89) 2차 공고 마감(승용,화물). 하반기 공고 7~8월 예정(확정아님) **전환지원금 시스템 기준으로 적용(공고랑 오차 발생가능)",마감,
경남,고성군,전기승용,"경남 고성군 전기승용 본공고 1 추경1차 1 *일반: 출고등록순 *우선: 출고등록순 150 (8) (0) (7) (135) 107 (11) (12) (4) (80) 107 (11) (12) (4) (80) 43 (0) (0) (3) (55) ◀1차 공고 마감(2026. 4. 20.) ◀2차 공고 ***승용 마감(2026. 6. 22.)*** 화물은 가능 [2026년 고성군 전기자동차 보급사업 2차 공고 안내] 1. 신청기간 : 2026. 4. 21.(화) 10:00 ~ 예산(물량) 소진시 까지 2. 보급대수 : 총75대(승용 40대, 화물 35대) * 보급대수는 2026년 전기자동차 보조금 업무처리 지침 및 보급여건, 예산범위에 따라 변경될 수 있음 3. 보급기준 : 개인, 개인사업자, 법인 당 1대 4. 대상자 선정 : 출고등록순 5. 신청 방법 : 전기자동차 제작수입사(대리점 등)을 통한 신청 * 자세한 사항은 고성군 공고문을 확인하여 주시기 바랍니다. ★안내사항★ * 반드시 공고문 내 붙임 서식으로 접수해 주시기 바랍니다.(전년도 양식 안됨) * 차량별 보조금액 차이에 따라 공고대수와 실제 접수 가능 대수는 달라질 수 있으며, 무공해차 통합누리집에 표시되는 잔여대수는 실제 잔여대수와 상이할 수 있습니다. * 자격부여만 받고 대상자 선정 없이 출고 시 보조금 지급 불가합니다. * 지원신청 및 지급신청시 첨부파일 1개의 PDF 파일로 저장하여 제출하시기 바랍니다. * 전환지원금 관련하여 기존 차량 폐차, 판매는 지급신청 전까지 반드시 완료되어야 합니다.(미 완료시 전환지원금 지급 불가) * 경유화물차를 보유한 전기화물차 구매자 중 폐차 미이행자는 성능보조금 국비 50만원 차감 (국비 50만원+지방비 약 15만원 차감), 경유화물차를 미보유하여야 성능보조금 미차감됨.",마감,
경남,남해군,전기승용,"경남 남해군 전기승용 본공고 1 *일반: 출고등록순 *우선: 출고등록순 100 (5) (0) (5) (90) 60 (16) (1) (2) (41) 56 (14) (1) (2) (39) 44 (0) (0) (3) (51) ※ 승용 지원 마감! 7월초 재공고 예정 *중요* - 경유화물차를 보유한 전기화물차 구매자 중 폐차 미이행자는성능보조금 65만원 정도차감 (국비 50만원+지방비 15만원) - 경유차 여러 대 보유시, 한 대에 대한 전환지원금을 받아도 경유차를 추가 보유하고 있다면 성능보조금 65만원 정도차감 <2026년 상반기 남해군 전기자동차 보급사업 안내> - 신청기간 : 2025. 2. 2.(월) ∼ 예산 소진 시까지 - 보급대수 : 83대(승용 50, 화물 30, 승합 3) * 보급대수는 2026년 전기자동차 보조금 업무처리 지침 및 보급여건, 예산범위에 따라 변경될 수 있음 * 자세한 사항은 남해군 공고문을 확인하여 주시기 바랍니다 < 주 의 사 항 > 1. 반드시 공고문 내 붙임 서식으로 접수해 주시기 바랍니다. 2. 자격부여만 받고 대상자 선정 없이 출고 시 보조금 지급 불가합니다. 3. 전산 상 잔여대수와 실제 잔여대수는 다를 수 있습니다. 4. 지원신청 및 지급신청시 첨부파일 1개의 PDF 파일로 저장하여 제출하시기 바랍니다. 5. 담당자 1명이 보조금 업무 처리를 하고 있습니다. 단순 차종별 보조 금액 문의, 처리 독촉 전화는 자제하여 주시기 바랍니다.",마감,
경남,하동군,전기승용,"경남 하동군 전기승용 본공고 1 본공고 2 *일반: 출고등록순 *우선: 출고등록순 110 (11) (0) (11) (88) 59 (11) (3) (1) (44) 58 (11) (3) (0) (44) 52 (0) (0) (11) (44) ◀◀◀ 왼쪽의 잔여대수와 실 잔여대수는 다릅니다 < 2026년 하동군 전기자동차 보급사업 수정 공고 > 1. 신청기간 - (1차) : 2026. 1. 29.(목) 09:00 ~ 예산(물량) 소진 시 - (통합물량) : 2026. 7. 1. (수) 09:00 ~ 예산(물량) 소진 시 2. 보급대수 : 승용 110대, 화물 70대 3. 대상자 선정 : 출고등록순 4. 신청 방법 : 전기자동차 제작수입사(대리점 등)을 통한 신청 5. 문의처 : 하동군 안전교통과(☎055-880-2394) ★안내사항★ ※ 국비단가 및 우선순위 마감에 따른 일반물량 전환 등 시스템상의 잔여대수와 실제 마감대수가 다를 수 있습니다 ※ 지급(지원) 신청서 등 모든 파일은 가급적 1개의 PDF파일로 업로드해주시길 바랍니다 ※ 자격부여만 받고 대상자 선정 전 차량 출고 시 보조금 지급 불가 **민원전화 폭주로 업무처리가 지연됨에 따라 단순 접수 알림 , 처리 독촉 전화는 자제해주세요**",마감,
경남,산청군,전기승용,경남 산청군 전기승용 본공고 1 *일반: 출고등록순 *우선: 출고등록순 120 (12) (4) (5) (99) 64 (15) (0) (0) (49) 62 (15) (0) (0) (47) 58 (0) (4) (5) (52),확인필요,
경남,함양군,전기승용,"경남 함양군 전기승용 본공고 1 본공고 2 *일반: 출고등록순 *우선: 출고등록순 104 (11) (0) (6) (87) 55 (12) (2) (0) (41) 46 (11) (2) (0) (33) 58 (0) (0) (6) (54) *6.4. 10시부터 추가 접수 시작, 하반기 추경 10월예정 *접수 기간 중 공고대수의 1.5배 접수완료되면 마감 ◀ 왼쪽의 잔여대수와 실 잔여대수는 다릅니다 < 2026년 함양군 전기자동차 보급사업 추가 공고 > 1. 신청기간 : 2026. 6. 4.(목) 10:00 ~ 예산(물량) 소진 시 2. 보급대수 : 승용 20대, 화물 20대 3. 대상자 선정 : 출고등록순 4. 신청 방법 : 전기자동차 제작수입사(대리점 등)을 통한 신청 5. 문의처 : 함양군 환경정책과(☎055-960-6116) ★안내사항★ ※ 국비단가 및 우선순위 마감에 따른 일반물량 전환 등 시스템상의 잔여대수와 실제 마감대수가 다를 수 있습니다 ※ 지급(지원) 신청서 등 모든 파일은 가급적 1개의 PDF파일로 업로드해주시길 바랍니다 ※ 자격부여만 받고 대상자 선정 전 차량 출고 시 보조금 지급 불가 *차종별 보조금은 공고문 및 사이트 참고해주시기 바랍니다.",마감,
경남,거창군,전기승용,"경남 거창군 전기승용 본공고 1 본공고 2 추경1차 1 추경1차 2 *일반: 출고등록순 *우선: 출고등록순 60 (6) (0) (0) (54) 136 (46) (2) (1) (87) 128 (43) (2) (1) (82) 0 (0) (0) (0) (0) ★★★ 예산범위 내 ""화물"" 대상자 선정 마감되었습니다. 향후 취소자 발생 시 '지원가능요청'순으로 추가 선정합니다. ★★★ 차종별 예산 조정으로 6. 15. 16:00 기준 ""승용"" 7대 정도 지원 가능합니다. ★ ★ 2026년 (하반기) 사업은 더이상 없습니다. ★ 스타리아(승용, 화물, 승합) 보조금 반영 / 스타리아-""승합""은 ""개인""만 가능합니다. 2026년 거창군 전기자동차 보급사업(2차) ○ 신청기간 : 2026. 5. 19.(화) 10:00 ~ 예산소진시 까지 ○ 보급대수 : 80대(승용 50대, 화물 30대) ○ 보급기준 : 개인, 개인사업자, 법인 당 1대 ○ 선정기준 : 출고 · 등록순 ○ 지원금액 : 공고문 참조 * 반드시 공고문 숙지 후 신청바랍니다. * 담당자 1명이 전화 상담, 전기자동차 모든 신청서류 접수 및 검토, 보조금 지급 업무까지 처리하고 있습니다. 통화량이 많을수록 업무 처리가 계속 지연됩니다. ★주의사항★ 1. 자격부여는 대상자 선정된 것이 아니므로 출고 10일 전 지원가능 확인 요청바랍니다. * 자격부여만 받고 ""대상자 선정"" 없이 출고 시 보조금 지급 불가 2. 반드시 공고문 내 붙임 서식으로 접수해 주시기 바랍니다. 3. 전산 상 잔여대수와 실제 잔여대수는 다릅니다. 4. 지원신청 및 지급신청 시 첨부파일은 1개의 pdf 파일로 저장하여 제출하시기 바랍니다.",마감,
경남,합천군,전기승용,"경남 합천군 전기승용 본공고 1 본공고 2 본공고 3 *일반: 출고등록순 *우선: 출고등록순 97 (15) (2) (5) (75) 137 (31) (3) (5) (98) 96 (23) (3) (5) (65) 1 (0) (0) (0) (10) 2차 접수 신청 마감합니다. 예산소진마감 ★ 자격부여단계에서 출고하시면 보조금 지급 불가합니다. 대상자 선정 후 출고하여 주시기 바랍니다. ★ 지원자가 많아 자격부여가 더이상 불가합니다. 예산 범위 내 대상자 선정이 완료되어 자격부여, 대상자 선정을 멈췄습니다. ================== * 2026년 전기자동차 민간보급사업 2차 공고 안내 ○ 접수기간 : 5월 12일(화) 10:00 ~ 예산(물량)소진시까지 ※예산소진시 조기마감 ○ 보급물량 : 전기승용(일반) 40대 ※ 5월 13일 10:00 : 전기화물(일반) 30대 ※ 5월 13일 14:00 : 전기승합(개인) 2대, 어린이통학 2대 ○ 접수대상 : 합천군에 3개월 이상 주소지를 둔 개인 합천군에 1개월이상 사업장 주소지를 둔 개인사업자, 법인 등 ○ 선정기준 : 출고·등록순 ※ 전기자동차 보조금 신청 전 공고문을 필히 숙지하여 주시기 바랍니다. ※ 접수 후 빠른 처리를 위해 처리 독촉 전화는 삼가 주시기 바랍니다. ※ 차종별 금액이 상이하므로 무공해차 통합누리집 상 출고잔여대수와 실 잔여대수는 다를 수 있습니다. ※ 신청서 및 첨부서류는 PDF파일 하나로 업로드하여 주시기 바랍니다. ※ 전환지원금은 개인으로 신청하시는 경우 지원가능합니다. ※ 전환지원금 관련하여 기존 차량 폐차, 판매는 지급신청 전까지 반드시 완료되어야 합니다.(증빙서류 필수 제출) ※ 자격부여는 대상자 선정이 아닙니다. 자격부여 단계에서 출고 불가하므로 지원가능확인 후 대상자 선정 시 출고하여 주시기 바랍니다. ※ 합천군에 3개월 이상 거주한 군민, 합천군에 1개월 이상 사업장 주소지를 둔 개인사업자, 법인, 공공기관 등이 대상입니다. ※ 보조금 지급청구 시 통장 예금주명을 제조사명과 신청자명((ex)현대차_홍길동, 기아_홍길동)을 알아볼 수 있도록 작성하여 주시기 바랍니다.",마감,
제주,제주특별자치도,전기승용,"제주 제주특별자치도 전기승용 본공고 1 *일반: 접수+출고등록순 *우선: 접수+출고등록순 3000 (400) (0) (400) (2200) 3684 (1750) (46) (217) (1671) 3476 (1647) (46) (205) (1578) 0 (0) (0) (195) (622) 2026년도 전기자동차 보급 사업(상반기) ○ 사업 개요 - 사업명 : 2026년 상반기 전기자동차 보급사업 - 보급대수 : 승용 3,000대, 화물 1,000대 - 접수기간 : 2026. 2. 10.(화) 14:00 ~ 6. 30. 18:00 (예산 소진 상황에 따라 접수 기간 종점은 변경될 수 있으며, 추가 변경 공고가 있을 수 있음) - 지원대상 : 제주 도민 및 제주도 내 기업？법인(3개월 이상 지속 거주 및 설립) ※ 자세한 내용은 공고문을 참고하시기 바랍니다. ※ 무공해차 누리집 출고잔여대수와 실제 잔여대수는 일치하지 않습니다. 공단 한국환경공단 전기승용 본공고 1 본공고 2 *일반: 출고등록순 *우선: - 30000 (0) (0) (0) (30000) 32758 (9) (31949) (297) (503) 22559 (8) (21967) (217) (367) 7441 (0) (0) (0) (29633) * 신청서 검토는 접수된 순으로 진행합니다. * 차종별로 보조금이 상이하므로 실 잔여대수는 표기된 바와 다를 수 있습니다. 현재 페이지의 내용이나 사용편의성에 만족하시나요? 페이지 만족도 조사 매우만족 만족 보통 불만족 매우불만족 만족도 등록 개인정보처리방침 이메일 무단수집거부 영상정보처리기기 운영관리지침 불편민원신고센터 TOP (22689) 인천광역시 서구 환경로 42(오류동 종합환경연구단지) 대표전화 : (누리집콜센터) 1661-0970 급속충전시설 이용관련문의 및 회원카드 발급문의 한국자동차환경협회 : 1661-9408 Copyright 2023. KECO All rights reserved. 한국환경공단 로고 (새 창으로 열림) 기후에너지환경부 로고 (새 창으로 열림) 한국자동차환경협회 로고 (새 창으로 열림) 과학기술정보통신부 WA(WEB접근성) 품질인증 마크 (새 창으로 열림)",마감,
